Date,INR,Oil,DXY,Nifty,INR_return,Oil_return,DXY_return,Nifty_return
2020-01-03,71.41500091552734,68.5999984741211,96.83999633789062,12226.650390625,0.005491015575780578,0.03547167508107307,-0.00010327451097624785,-0.004522789386603554
2020-01-06,71.73100280761719,68.91000366210938,96.66999816894533,11993.0498046875,0.004424867157302392,0.004519026164486517,-0.0017554541034072724,-0.019105853072941215
2020-01-07,71.78700256347656,68.2699966430664,96.9800033569336,12052.9501953125,0.000780691105205511,-0.00928757778306255,0.0032068397006326244,0.004994592001242859
2020-01-08,72.16000366210938,65.44000244140625,97.3000030517578,12025.349609375,0.005195941957640393,-0.04145297115592539,0.0032996461512426745,-0.0022899444111396106
2020-01-09,71.41190338134766,65.37000274658203,97.4499969482422,12215.900390625,-0.010367242832535206,-0.0010696774482380489,0.0015415610665974189,0.015845758122611686
2020-01-10,71.19429779052734,64.9800033569336,97.36000061035156,12256.7998046875,-0.003047189341226164,-0.005966029880101642,-0.0009235129882911863,0.0033480474426501594
2020-01-13,70.9530029296875,64.19999694824219,97.3499984741211,12329.5498046875,-0.0033892441997223077,-0.01200379144960717,-0.00010273352678480396,0.0059354808073293075
2020-01-14,70.71890258789062,64.48999786376953,97.37000274658205,12362.2998046875,-0.0032993718677257755,0.004517148431660178,0.0002054881640936035,0.0026562202609821117
2020-01-15,70.84510040283203,64.0,97.2300033569336,12343.2998046875,0.0017844990564519492,-0.007598044347971844,-0.0014378082129957725,-0.0015369308543056182
2020-01-16,70.71800231933594,64.62000274658203,97.31999969482422,12355.5,-0.0017940278547620148,0.009687542915344238,0.0009256025381407795,0.000988406301843714
2020-01-17,70.94560241699219,64.8499984741211,97.61000061035156,12352.349609375,0.0032184180858008116,0.003559203308007186,0.0029798696715652717,-0.000254978804985595
2020-01-21,71.03099822998047,64.58999633789062,97.52999877929688,12169.849609375,0.0012036801447727896,-0.004009285155715525,-0.0008196069107103687,-0.014774517057183134
2020-01-22,71.16999816894531,63.209999084472656,97.52999877929688,12106.900390625,0.0019568912507015312,-0.021365495148796265,0.0,-0.005172555189302153
2020-01-23,71.0781021118164,62.040000915527344,97.69000244140624,12180.349609375,-0.0012912190458507222,-0.018509700773476467,0.0016405584344509894,0.0060667236352978104
2020-01-24,71.32099914550781,60.68999862670898,97.8499984741211,12248.25,0.003417325821520878,-0.021760191310385535,0.0016377933126865418,0.005574584704263197
2020-01-27,71.32499694824219,59.31999969482422,97.95999908447266,12119.0,5.6053655757448695e-05,-0.022573718287774658,0.0011241759025746312,-0.010552527912150667
2020-01-28,71.44000244140625,59.5099983215332,98.0199966430664,12055.7998046875,0.001612414974900389,0.0032029438247882513,0.0006124699791187904,-0.005214967844912932
2020-01-29,71.23040008544922,59.810001373291016,97.98999786376952,12129.5,-0.0029339634489646826,0.005041220974951077,-0.0003060475446262645,0.006113256399948197
2020-01-30,71.30000305175781,58.290000915527344,97.87000274658205,12035.7998046875,0.0009771525391559788,-0.025413817469705835,-0.0012245649536016812,-0.0077249841553650445
2020-01-31,71.63999938964844,58.15999984741211,97.38999938964844,11962.099609375,0.0047685318841266255,-0.0022302464586272386,-0.004904499269061002,-0.006123414854723341
2020-02-03,71.49649810791016,54.45000076293945,97.8000030517578,11707.900390625,-0.00200308881854927,-0.0637895305056081,0.004209915439766787,-0.021250384719316173
2020-02-04,71.31410217285156,53.959999084472656,97.95999908447266,11979.650390625,-0.0025511170460866817,-0.008999112426097633,0.0016359512037047441,0.02321082268667074
2020-02-05,71.0999984741211,55.27999877929688,98.2699966430664,12089.150390625,-0.0030022631177705206,0.02446255962231958,0.0031645320691195966,0.009140500467834434
2020-02-06,71.18000030517578,54.93000030517578,98.5,12137.9501953125,0.0011252015860985232,-0.006331376299743674,0.0023405247256598205,0.004036661230167438
2020-02-07,71.47000122070312,54.470001220703125,98.68000030517578,12098.349609375,0.004074190984602488,-0.008374277843018918,0.001827414265743954,-0.0032625431230384194
2020-02-10,71.5155029296875,53.27000045776367,98.83000183105467,12031.5,0.0006366546552007968,-0.022030489003979525,0.001520080314298733,-0.005525514763038308
2020-02-11,71.27999877929688,54.0099983215332,98.72000122070312,12107.900390625,-0.003293050328152858,0.013891455930364671,-0.0011130285167816334,0.006350030388978967
2020-02-12,71.27529907226562,55.790000915527344,99.0500030517578,12201.2001953125,-6.593304028812419e-05,0.03295690889300529,0.0033428061889597682,0.0077056964194832656
2020-02-13,71.29620361328125,56.34000015258789,99.06999969482422,12174.650390625,0.0002932929259886752,0.009858383725307895,0.00020188432559642422,-0.0021759994314084485
2020-02-14,71.26850128173828,57.31999969482422,99.12000274658205,12113.4501953125,-0.00038855268778725804,0.017394383024177396,0.0005047244565645759,-0.005026854435148831
2020-02-18,71.34919738769531,57.75,99.45999908447266,11992.5,0.0011322829090796294,0.007501749955777015,0.0034301485923065034,-0.009984784959061743
2020-02-19,71.57499694824219,59.119998931884766,99.5999984741211,12125.900390625,0.003164710589804276,0.023722925227441793,0.0014075949219498618,0.011123651500938081
2020-02-20,71.82749938964844,59.310001373291016,99.87000274658205,12080.849609375,0.0035278023356235533,0.003213843789563686,0.002710886311219296,-0.003715252459506435
2020-02-24,71.88680267333984,56.29999923706055,99.29000091552734,11829.400390625,0.0008256348083302001,-0.050750329902807256,-0.005807567989423612,-0.02081386879900149
2020-02-25,72.04669952392578,54.95000076293945,98.97000122070312,11797.900390625,0.0022242865816766155,-0.02397865883508632,-0.0032228793622075536,-0.002662856861702312
2020-02-26,71.87000274658203,53.43000030517578,99.0,11678.5,-0.0024525311847917175,-0.02766151841054787,0.0003031098204189231,-0.010120477938589723
2020-02-27,71.66339874267578,52.18000030517578,98.44000244140624,11633.2998046875,-0.002874690357738685,-0.023395096254171466,-0.005656540995896631,-0.003870376787472707
2020-02-28,71.93000030517578,50.52000045776367,98.12999725341795,11201.75,0.0037201914391096214,-0.03181295204491308,-0.00314917899532563,-0.03709607866493836
2020-03-02,72.1500015258789,51.900001525878906,97.36000061035156,11132.75,0.003058546083271718,0.027315935384223833,-0.007846699934963786,-0.006159751824491688
2020-03-03,72.82499694824219,51.86000061035156,97.1500015258789,11303.2998046875,0.009355445711545451,-0.000770730527000052,-0.0021569338861562315,0.015319647408546855
2020-03-04,73.34200286865234,51.130001068115234,97.33999633789062,11251.0,0.007099292029872695,-0.014076350436652674,0.001955685116084238,-0.004626950146523701
2020-03-05,74.0425033569336,49.9900016784668,96.81999969482422,11269.0,0.009551150239730521,-0.022296095557082674,-0.0053420655704709,0.0015998577904186018
2020-03-06,73.8551025390625,45.27000045776367,95.9499969482422,10989.4501953125,-0.0025309897609444576,-0.09441890502548766,-0.008985775142783092,-0.024806975302821943
2020-03-09,73.99530029296875,34.36000061035156,94.9000015258789,10451.4501953125,0.001898281216685005,-0.24099844791455216,-0.010943152222607,-0.048956043335951605
2020-03-11,74.20500183105469,35.790000915527344,96.51000213623048,10458.400390625,0.0028339845538252195,0.04161816879435576,0.016965232713010314,0.0006649981756232659
2020-03-12,74.76000213623047,33.220001220703125,97.47000122070312,9590.150390625,0.007479284299990674,-0.07180775716910459,0.009947146028631781,-0.08301938801064712
2020-03-13,75.30000305175781,33.849998474121094,98.75,9955.2001953125,0.007223126004508806,0.018964395853945604,0.013132233130874305,0.03806507612689369
2020-03-16,73.90399932861328,30.049999237060547,98.08999633789062,9197.400390625,-0.018539225319618935,-0.11225995297948721,-0.006683581388449378,-0.07612100106679087
2020-03-17,75.15499877929688,28.729999542236328,99.58000183105467,8967.0498046875,0.016927357951510125,-0.0439267796451811,0.01519018808025474,-0.02504518409052825
2020-03-18,74.01239776611328,24.8799991607666,101.16000366210938,8468.7998046875,-0.01520326035183639,-0.1340062806408957,0.01586665798355069,-0.05556454027271507
2020-03-19,74.98200225830078,28.46999931335449,102.76000213623048,8263.4501953125,0.013100568573005233,0.144292615501731,0.015816512615651535,-0.024247781753128472
2020-03-20,75.15969848632812,26.979999542236328,102.81999969482422,8745.4501953125,0.0023698517334227454,-0.05233578528466076,0.0005838610095998398,0.058329146858465686
2020-03-23,75.62210083007812,27.030000686645508,102.48999786376952,7610.25,0.006152264485655312,0.0018532670592119604,-0.0032095101345473998,-0.12980466070471242
2020-03-24,76.50599670410156,27.149999618530277,101.73999786376952,7801.0498046875,0.011688327411182975,0.0044394720250249264,-0.007317787253707464,0.02507142402516349
2020-03-25,77.26000213623047,27.38999938964844,101.0500030517578,8317.849609375,0.009855507602170466,0.008839770699457405,-0.006781942466085211,0.06624746894667499
2020-03-26,75.84549713134766,26.34000015258789,99.41999816894533,8641.4501953125,-0.018308373877451545,-0.03833513181666515,-0.016130676235384,0.038904356430389475
2020-03-27,74.72560119628906,24.93000030517578,98.37000274658205,8660.25,-0.014765490074106546,-0.05353074560531379,-0.010561209431718344,0.0021755381634551707
2020-03-30,75.46499633789062,22.76000022888184,99.18000030517578,8281.099609375,0.009894803517997985,-0.08704372441758146,0.008234192700801612,-0.04378053643081892
2020-03-31,75.4000015258789,22.739999771118164,99.0500030517578,8597.75,-0.0008612577375702868,-0.0008787547259465622,-0.0013107204377695858,0.03823772271336057
2020-04-01,75.32499694824219,24.739999771118164,99.66999816894533,8253.7998046875,-0.0009947556514435796,0.08795074846659312,0.006259415427413595,-0.04000467509668226
2020-04-03,77.13999938964844,34.11000061035156,100.58000183105467,8083.7998046875,0.02409561918274461,0.37873892182376134,0.009130166337184553,-0.020596574186770744
2020-04-07,75.96489715576172,31.8700008392334,99.9800033569336,8792.2001953125,-0.015233371055022427,-0.06566988364222948,-0.005965385396680567,0.08763210467115035
2020-04-08,76.66000366210938,32.84000015258789,100.12000274658205,8748.75,0.009150364607515726,0.03043612449988964,0.0014002739042591195,-0.004941902407507137
2020-04-09,75.95899963378906,31.479999542236328,99.5199966430664,9111.900390625,-0.009144325526125652,-0.041412929477236626,-0.00599286942724464,0.04150883161880259
2020-04-13,76.16649627685547,31.739999771118164,99.3499984741211,8993.849609375,0.002731692677191422,0.008259219589028088,-0.0017081810156708288,-0.01295567073707915
2020-04-15,75.93099975585938,27.690000534057617,99.45999908447266,8925.2998046875,-0.0030918649604163573,-0.12759922073930974,0.00110720293951716,-0.007621853562688519
2020-04-16,77.2125015258789,27.81999969482422,100.02999877929688,8992.7998046875,0.016877188159512446,0.004694805282026149,0.005730944098844226,0.007562771164790316
2020-04-17,77.56999969482422,28.07999992370605,99.77999877929688,9266.75,0.004630055520549181,0.009345802722284136,-0.0024992502554318508,0.03046328187687486
2020-04-20,76.55999755859375,25.56999969482422,99.95999908447266,9261.849609375,-0.01302052520567254,-0.08938747278139447,0.0018039718117648373,-0.0005288143766692954
2020-04-21,77.20999908447266,19.32999992370605,100.26000213623048,8981.4501953125,0.008490093346482208,-0.2440359736250307,0.0030012310374702977,-0.030274667144095657
2020-04-22,76.96939849853516,20.3700008392334,100.38999938964844,9187.2998046875,-0.003116184286885759,0.05380242729602425,0.0012966013429893675,0.02291941778872575
2020-04-23,76.4000015258789,21.32999992370605,100.43000030517578,9313.900390625,-0.007397705890440198,0.04712808271581692,0.00039845518249359557,0.01377995587701486
2020-04-24,76.42250061035156,21.440000534057617,100.37999725341795,9154.400390625,0.0002944906285771154,0.005157084423113911,-0.0004978895908183123,-0.017124941572334906
2020-04-27,76.27149963378906,19.989999771118164,100.04000091552734,9282.2998046875,-0.0019758706579413587,-0.0676306309151492,-0.0033870925203580704,0.013971358975458648
2020-04-28,76.1863021850586,20.459999084472656,99.87000274658205,9380.900390625,-0.0011170286298228804,0.023511721797693674,-0.001699301953114185,0.010622430648890235
2020-04-29,76.46499633789062,22.540000915527344,99.56999969482422,9553.349609375,0.003658061158488435,0.1016618731245802,-0.003003935551289416,0.018383013524196468
2020-04-30,75.25849914550781,25.270000457763672,99.0199966430664,9859.900390625,-0.015778424771661914,0.12111798719385525,-0.005523782800477384,0.03208830345213909
2020-05-04,75.60050201416016,27.200000762939453,99.4800033569336,9293.5,0.004544375353421559,0.07637515909038406,0.004645594116967633,-0.05744483901313502
2020-05-05,75.8499984741211,30.96999931335449,99.70999908447266,9205.599609375,0.0033001958097342854,0.1386028839951996,0.0023119794911328206,-0.009458265521601117
2020-05-06,76.16999816894531,29.71999931335449,100.08999633789062,9270.900390625,0.004218849060799945,-0.040361641191932196,0.0038110245402374066,0.007093593467121684
2020-05-07,76.15129852294922,29.459999084472656,99.88999938964844,9199.0498046875,-0.0002454988374112066,-0.008748325534617463,-0.001998171201515686,-0.007750119504051356
2020-05-08,76.08000183105469,30.96999931335449,99.7300033569336,9251.5,-0.0009362505075740657,0.05125594962009683,-0.0016017222313791102,0.0057016970693835045
2020-05-11,75.5250015258789,29.6299991607666,100.23999786376952,9239.2001953125,-0.007294956517065132,-0.043267684284709396,0.005113752027167351,-0.0013294930214019507
2020-05-12,76.30999755859375,29.979999542236328,99.93000030517578,9196.5498046875,0.010393856562132875,0.01181236555460874,-0.003092553523544872,-0.004616242718351149
2020-05-13,75.68000030517578,29.190000534057617,100.23999786376952,9383.5498046875,-0.008255762987467441,-0.026350867919985976,0.00310214707942591,0.02033371253039773
2020-05-14,75.42620086669922,31.1299991607666,100.47000122070312,9142.75,-0.0033535866471079423,0.06646106855823719,0.002294526754142545,-0.025661909373274727
2020-05-15,75.48500061035156,32.5,100.4000015258789,9136.849609375,0.0007795665561396437,0.04400902268446005,-0.0006967223447170712,-0.0006453627874545287
2020-05-18,75.81999969482422,34.810001373291016,99.66999816894533,8823.25,0.004437955643689984,0.07107696533203134,-0.007270949659750947,-0.034322509703259896
2020-05-19,75.60009765625,34.650001525878906,99.37000274658205,8879.099609375,-0.002900317059606028,-0.004596375785692275,-0.0030098869055337207,0.00632982284022332
2020-05-20,76.0,35.75,99.12000274658205,9066.5498046875,0.005289706708691444,0.03174598631112735,-0.0025158497845427785,0.021111396826158035
2020-05-21,75.77999877929688,36.060001373291016,99.37000274658205,9106.25,-0.00289475290398844,0.00867136708506333,0.0025221952489162813,0.004378754451001221
2020-05-22,75.625,35.130001068115234,99.86000061035156,9039.25,-0.0020453784876441894,-0.025790356898450217,0.004931044079963698,-0.0073575840768702605
2020-05-26,76.11000061035156,36.16999816894531,98.91000366210938,9029.0498046875,0.006413231211260362,0.029604243359218074,-0.00951328802759599,-0.0011284338094974533
2020-05-27,75.81999969482422,34.7400016784668,99.05999755859376,9314.9501953125,-0.0038102866009950276,-0.03953543165247586,0.0015164684150330565,0.03166450477176164
2020-05-28,76.12999725341797,35.290000915527344,98.37999725341795,9490.099609375,0.004088598784509179,0.0158318713439054,-0.00686452979946417,0.018803043536468778
2020-05-29,75.95999908447266,35.33000183105469,98.33999633789062,9580.2998046875,-0.002232998490456106,0.0011334914845453348,-0.00040659602199710765,0.009504662651105722
2020-06-01,75.51319885253906,38.31999969482422,97.83000183105467,9826.150390625,-0.0058820463048810945,0.08463056067948904,-0.005186033412932445,0.025662097319460564
2020-06-02,75.7300033569336,39.56999969482422,97.66999816894533,9979.099609375,0.0028710809194814058,0.03262004201343549,-0.0016355275387366364,0.015565527970742954
2020-06-03,75.06580352783203,39.790000915527344,97.27999877929688,10061.5498046875,-0.008770629864771395,0.005559798392717807,-0.0039930316060193816,0.008262288035990828
2020-06-04,75.54499816894531,39.9900016784668,96.68000030517578,10029.099609375,0.006383660982668404,0.005026407598332172,-0.006167747549856939,-0.003225168681009971
2020-06-05,75.49089813232422,42.29999923706055,96.94000244140624,10142.150390625,-0.0007161299613788197,0.05776437763536291,0.002689306324056062,0.011272276241460544
2020-06-08,75.5177001953125,40.79999923706055,96.62000274658205,10167.4501953125,0.0003550370130886993,-0.03546099354738985,-0.003301007703374159,0.002494520758722585
2020-06-09,75.625,41.18000030517578,96.31999969482422,10046.650390625,0.0014208563609590108,0.009313751843653462,-0.0031049787127898076,-0.011881032349997822
2020-06-10,75.50980377197266,41.72999954223633,95.95999908447266,10116.150390625,-0.0015232559077995589,0.013355979431389553,-0.0037375478767874837,0.006917728526201428
2020-06-11,75.875,38.54999923706055,96.7300033569336,9902.0,0.00483640811900643,-0.07620417781114985,0.008024221340218185,-0.021169158460066062
2020-06-12,76.38999938964844,38.72999954223633,97.31999969482422,9972.900390625,0.006787471362747155,0.004669268709160734,0.0060994140123571405,0.00716020911179549
2020-06-15,75.95680236816406,39.720001220703125,96.68000030517578,9813.7001953125,-0.005670860386773002,0.025561623810172573,-0.0065762370700303,-0.015963279394844432
2020-06-16,75.97799682617188,40.959999084472656,96.95999908447266,9914.0,0.0002790330470348046,0.031218474966290044,0.0028961396194977507,0.010220386061458031
2020-06-17,76.65499877929688,40.709999084472656,97.16000366210938,9881.150390625,0.008910500163276103,-0.006103515761424205,0.002062753501704151,-0.0033134566648174157
2020-06-18,76.55000305175781,41.5099983215332,97.41999816894533,10091.650390625,-0.00136971794678864,0.019651173054574533,0.0026759417150716835,0.021303187551898528
2020-06-19,76.40039825439453,42.18999862670898,97.62000274658205,10244.400390625,-0.0019543408412685537,0.016381602810690232,0.0020530135639078573,0.015136275444292302
2020-06-22,76.2520980834961,43.08000183105469,97.04000091552734,10311.2001953125,-0.001941091594897637,0.021095122856493287,-0.005941424039501042,0.006520616350433883
2020-06-23,75.78980255126953,42.630001068115234,96.69000244140624,10471.0,-0.006062725404884617,-0.010445699717103185,-0.003606744340674317,0.015497691991291696
2020-06-24,75.60780334472656,40.310001373291016,97.1500015258789,10305.2998046875,-0.0024013679996045534,-0.054421760185210166,0.004757462745452079,-0.015824677233549855
2020-06-25,75.97000122070312,41.04999923706055,97.43000030517578,10288.900390625,0.004790482727360157,0.018357673990550882,0.002882128408637108,-0.001591357298992957
2020-06-26,75.53980255126953,41.02000045776367,97.5,10383.0,-0.00566274401107103,-0.000730786354553481,0.000718461404136006,0.00914574014738645
2020-06-29,75.61979675292969,41.709999084472656,97.54000091552734,10312.400390625,0.0010589675768064577,0.01682102922986184,0.00041026580028047377,-0.006799538608783573
2020-06-30,75.69999694824219,41.150001525878906,97.38999938964844,10302.099609375,0.0010605714211919803,-0.013425978683423656,-0.0015378462627738676,-0.0009988732845714887
2020-07-01,75.75,42.02999877929688,97.1999969482422,10430.0498046875,0.0006605423219765427,0.021385108646096995,-0.0019509440660950839,0.012419817334717198
2020-07-02,75.45490264892578,43.13999938964844,97.31999969482422,10551.7001953125,-0.0038956746016398647,0.02640972264073249,0.0012345961970134933,0.011663452514898642
2020-07-06,74.6792984008789,43.09999847412109,96.79000091552734,10763.650390625,-0.010279043784014674,-0.0009272349581198602,-0.005445938974094178,0.020086828794345202
2020-07-07,74.60759735107422,43.08000183105469,96.87999725341795,10799.650390625,-0.0009601194888012587,-0.000463959252305024,0.0009298102803940722,0.003344590235981215
2020-07-08,75.125,43.290000915527344,96.43000030517578,10705.75,0.0069349860777727645,0.004874630351600295,-0.004644890183729822,-0.00869476207364206
2020-07-09,74.93990325927734,42.34999847412109,96.6999969482422,10813.4501953125,-0.00246385012609196,-0.021714077651338037,0.002799923698143303,0.010060032721901813
2020-07-10,75.33999633789062,43.2400016784668,96.6500015258789,10768.0498046875,0.005338852349849432,0.02101542470868245,-0.0005170157594736047,-0.004198511095439339
2020-07-13,75.15850067138672,42.720001220703125,96.45999908447266,10802.7001953125,-0.002409021440483272,-0.012025912062409327,-0.0019658814113455714,0.003217889149241815
2020-07-14,75.44999694824219,42.900001525878906,96.26000213623048,10607.349609375,0.0038784205944975003,0.00421349016929673,-0.0020733666819447993,-0.01808349601540049
2020-07-15,75.57499694824219,43.790000915527344,96.08000183105467,10618.2001953125,0.0016567263758240358,0.020745905780715557,-0.0018699387199375694,0.0010229309240368245
2020-07-16,75.1249008178711,43.369998931884766,96.3499984741211,10739.9501953125,-0.005955622210336853,-0.00959127597308751,0.002810123209002091,0.011466161662100571
2020-07-17,75.17449951171875,43.13999938964844,95.94000244140624,10901.7001953125,0.0006602164303404212,-0.005303194556162127,-0.004255278040559363,0.01506059125586967
2020-07-20,74.89730072021484,43.27999877929688,95.83000183105467,11022.2001953125,-0.003687404549473472,0.003245233927426483,-0.0011465562596659762,0.011053321760931656
2020-07-21,74.98999786376953,44.31999969482422,95.12000274658205,11162.25,0.0012376566667064992,0.024029596692706656,-0.0074089436596728175,0.012706156865764484
2020-07-22,74.7699966430664,44.290000915527344,94.97000122070312,11132.599609375,-0.0029337408583847147,-0.0006768677685793367,-0.0015769714208120345,-0.0026563094918139463
2020-07-23,74.81999969482422,43.310001373291016,94.69000244140624,11215.4501953125,0.0006687582453228647,-0.022126880153049533,-0.0029482865715269035,0.007442159858846331
2020-07-24,74.80729675292969,43.34000015258789,94.44000244140624,11194.150390625,-0.0001697800313598119,0.0006926524669974565,-0.002640194250229322,-0.0018991484351116306
2020-07-27,74.75980377197266,43.40999984741211,93.66999816894533,11131.7998046875,-0.0006348709687222787,0.0016151290857815415,-0.008153369891520712,-0.005569925698846956
2020-07-28,75.0,43.220001220703125,93.76000213623048,11300.5498046875,0.0032129060793146813,-0.004376840068574972,0.0009608622722807603,0.0151592736988444
2020-07-29,75.08999633789062,43.75,93.26000213623048,11202.849609375,0.0011999511718749911,0.012262812686895552,-0.0053327643836176275,-0.008645614328603224
2020-07-30,74.8311996459961,42.93999862670898,93.0199966430664,11102.150390625,-0.0034464869425482325,-0.01851431710379481,-0.0025735094109635703,-0.008988714680747911
2020-07-31,74.98999786376953,43.29999923706055,93.48999786376952,11073.4501953125,0.002122085687850328,0.008383805818932721,0.005052690149050187,-0.002585102372305803
2020-08-03,74.91780090332031,44.150001525878906,93.5,10891.599609375,-0.0009627545340162857,0.01963053819388616,0.00010698616385740323,-0.016422215545293994
2020-08-04,75.33000183105469,44.43000030517578,93.37999725341795,11095.25,0.005502042542149699,0.006341987986857811,-0.0012834518351021451,0.018697932161379383
2020-08-05,75.25,45.16999816894531,92.83000183105467,11101.650390625,-0.001062018174831758,0.01665536481401575,-0.005889863338405132,0.0005768586219327965
2020-08-06,74.8822021484375,45.09000015258789,92.79000091552734,11200.150390625,-0.00488767909053156,-0.001771043161396868,-0.0004309050386547275,0.008872554668374333
2020-08-07,74.8998031616211,44.400001525878906,93.44000244140624,11214.0498046875,0.00023504935323215292,-0.015302697369127927,0.007005081576307193,0.0012410024488720417
2020-08-10,75.0248031616211,44.9900016784668,93.58000183105467,11270.150390625,0.0016688962416933073,0.013288291268278574,0.001498281100069887,0.005002705259437024
2020-08-11,75.0999984741211,44.5,93.62999725341795,11322.5,0.0010022727062410919,-0.010891346081041031,0.0005342532740439943,0.004644978776729314
2020-08-12,74.9000015258789,45.43000030517578,93.44000244140624,11308.400390625,-0.002663075263724557,0.0208988832623771,-0.0020292087748062793,-0.0012452735151247118
2020-08-13,74.77210235595703,44.959999084472656,93.33999633789062,11300.4501953125,-0.0017075990295899457,-0.01034561341725504,-0.0010702707716464532,-0.0007030344733010008
2020-08-14,75.02999877929688,44.79999923706055,93.0999984741211,11178.400390625,0.003449099533300748,-0.0035587155398179027,-0.002571222125408501,-0.010800437378868932
2020-08-17,74.90280151367188,45.369998931884766,92.8499984741211,11247.099609375,-0.0016952854550771335,0.012723207690429783,-0.0026852846841828315,0.0061457110453491115
2020-08-18,75.0,45.459999084472656,92.2699966430664,11385.349609375,0.0012976615609014974,0.0019836930726626623,-0.006246654179712707,0.012292057935075373
2020-08-19,74.79499816894531,45.369998931884766,92.88999938964844,11408.400390625,-0.0027333577473958037,-0.001979765824910218,0.006719440437181534,0.002024600213507588
2020-08-20,74.966796875,44.900001525878906,92.79000091552734,11312.2001953125,0.002296927739293908,-0.010359211308589189,-0.0010765257269690354,-0.008432399987605033
2020-08-21,74.9999008178711,44.34999847412109,93.25,11371.599609375,0.0004415813967120208,-0.012249510758720494,0.004957420842051974,0.005250916093857194
2020-08-24,74.92179870605469,45.130001068115234,93.3000030517578,11466.4501953125,-0.0010413628680132625,0.017587432262242242,0.0005362257561158934,0.008341006471886514
2020-08-25,74.4000015258789,45.86000061035156,93.0199966430664,11472.25,-0.006964557567857965,0.01617548249410694,-0.0030011404022790567,0.0005058064691958464
2020-08-26,74.45249938964844,45.63999938964844,93.01000213623048,11549.599609375,0.0007056164340435434,-0.0047972354508313275,-0.00010744471292845059,0.0067423225064831005
2020-08-27,74.24009704589844,45.09000015258789,93.01000213623048,11559.25,-0.0028528571302676164,-0.012050816047672663,0.0,0.0008355606212675504
2020-08-28,73.77449798583984,45.04999923706055,92.37000274658205,11647.599609375,-0.006271530865197272,-0.0008871349610107826,-0.006880973819472058,0.007643195654994939
2020-08-31,73.12830352783203,45.27999877929688,92.13999938964844,11387.5,-0.00875904920602566,0.00510542832700267,-0.002490022194376551,-0.022330747801946216
2020-09-01,73.66999816894531,45.58000183105469,92.33999633789062,11470.25,0.0074074553214149574,0.006625509272208063,0.0021705768348925236,0.007266739846322645
2020-09-02,73.2699966430664,44.43000030517578,92.8499984741211,11535.0,-0.005429639416599352,-0.02523039665819815,0.005523090280015408,0.005645038251127943
2020-09-03,73.24849700927734,44.06999969482422,92.73999786376952,11527.4501953125,-0.00029343025486672225,-0.008102647037560917,-0.0011847131088777996,-0.0006545127600779965
2020-09-04,73.4478988647461,42.65999984741211,92.72000122070312,11333.849609375,0.002722265488170894,-0.03199455087760539,-0.00021562048228385144,-0.016794744948559814
2020-09-08,73.6500015258789,39.77999877929688,93.4800033569336,11317.349609375,0.0027516465992443173,-0.06751057380254388,0.008196744243147869,-0.0014558160350347515
2020-09-09,73.78679656982422,40.790000915527344,93.26000213623048,11278.0,0.001857366478088096,0.02538969751693676,-0.0023534575610045794,-0.003476927967516641
2020-09-10,73.55000305175781,40.060001373291016,93.33999633789062,11449.25,-0.003209158400613421,-0.017896531646275138,0.0008577546625325727,0.015184429863450921
2020-09-11,73.52729797363281,39.83000183105469,93.33000183105467,11464.4501953125,-0.0003087026129560133,-0.0057413762943521185,-0.00010707635770379476,0.0013276149365679668
2020-09-14,73.47859954833984,39.61000061035156,93.06999969482422,11440.0498046875,-0.0006623176239990425,-0.005523505161669218,-0.0027858366134086987,-0.0021283524468515003
2020-09-15,73.61499786376953,40.52999877929688,93.0500030517578,11521.7998046875,0.0018562998787143847,0.023226411380182777,-0.00021485594855474854,0.007145947910690342
2020-09-16,73.80000305175781,42.220001220703125,93.20999908447266,11604.5498046875,0.0025131453284918948,0.041697569511635724,0.0017194629496772862,0.0071820376506051
2020-09-17,73.55069732666016,43.29999923706055,92.97000122070312,11516.099609375,-0.0033781262166454606,0.0255802459765877,-0.002574808133535389,-0.007622027291120936
2020-09-18,73.58360290527344,43.150001525878906,92.93000030517578,11504.9501953125,0.0004473863581080373,-0.0034641504347477925,-0.0004302561579232478,-0.0009681588767627147
2020-09-21,73.53479766845703,41.43999862670898,93.54000091552734,11250.5498046875,-0.000663262396640607,-0.0396292662503005,0.0065640870369994,-0.02211225483867385
2020-09-22,73.57980346679688,41.720001220703125,93.98999786376952,11153.650390625,0.0006120340269752944,0.00675681957705665,0.0048107434663011706,-0.00861286032635733
2020-09-23,73.50299835205078,41.77000045776367,94.38999938964844,11131.849609375,-0.001043834192636206,0.0011984476413613443,0.004255788221835033,-0.0019545871070447696
2020-09-24,73.77839660644531,41.93999862670898,94.3499984741211,10805.5498046875,0.003746762180713681,0.004069862750353703,-0.0004237834069922286,-0.029312272096516434
2020-09-25,73.68240356445312,41.91999816894531,94.58000183105467,11050.25,-0.0013010995956477256,-0.0004768826518494196,0.00243776746850366,0.022645788482354545
2020-09-28,73.69930267333984,42.43000030517578,94.26000213623048,11227.5498046875,0.00022935067355578376,0.012166082025458769,-0.003383375857782256,0.016044868187371275
2020-09-29,73.9749984741211,41.02999877929688,93.88999938964844,11222.400390625,0.0037408196655974724,-0.03299555776124097,-0.0039253420135435535,-0.0004586409458945395
2020-09-30,73.84500122070312,40.95000076293945,93.88999938964844,11247.5498046875,-0.0017573133639664507,-0.001949744546368204,0.0,0.002241001317642377
2020-10-01,73.70500183105469,40.93000030517578,93.70999908447266,11416.9501953125,-0.0018958546595457815,-0.0004884116579009223,-0.001917140338118073,0.015061092732783665
2020-10-05,73.32240295410156,41.290000915527344,93.51000213623048,11503.349609375,-0.005190948612010193,0.008795519366415316,-0.00213421139895531,0.0075676439490797165
2020-10-06,73.1082992553711,42.650001525878906,93.83000183105467,11662.400390625,-0.00292003112424577,0.03293777137796394,0.0034220905519604106,0.013826475474619793
2020-10-07,73.81500244140625,41.9900016784668,93.62999725341795,11738.849609375,0.009666524775342022,-0.015474790710420905,-0.00213156318590757,0.006555187284725372
2020-10-08,73.5425033569336,43.34000015258789,93.61000061035156,11834.599609375,-0.0036916490612997066,0.03215047440241947,-0.0002135709030544053,0.008156676606839941
2020-10-09,73.28050231933594,42.84999847412109,93.05999755859376,11914.2001953125,-0.0035625798094749417,-0.011305991618404398,-0.00587547322050741,0.0067260903253916204
2020-10-12,73.01480102539062,41.720001220703125,93.06999969482422,11930.9501953125,-0.003625811580650229,-0.026370998685108837,0.0001074805124958722,0.0014058853909966196
2020-10-13,73.35079956054688,42.45000076293945,93.52999877929688,11934.5,0.004601786630075377,0.017497591583819805,0.004942506564746818,0.0002975290843887368
2020-10-14,73.62000274658203,43.31999969482422,93.37999725341795,11971.0498046875,0.0036700784128869124,0.02049467411657413,-0.0016037798336006048,0.0030625333853533387
2020-10-15,73.29620361328125,43.15999984741211,93.86000061035156,11680.349609375,-0.004398249405333177,-0.0036934406403337228,0.005140323099720678,-0.02428360085835335
2020-10-16,73.37100219726562,42.93000030517578,93.68000030517578,11762.4501953125,0.0010204973831799968,-0.005328997753694775,-0.0019177530791101294,0.007028949362235082
2020-10-19,73.44380187988281,42.619998931884766,93.43000030517578,11873.0498046875,0.0009922132782302917,-0.007221089473266162,-0.0026686592568914147,0.009402769621849272
2020-10-20,73.57499694824219,43.15999984741211,93.06999969482422,11896.7998046875,0.0017863327469613832,0.01267012972924686,-0.0038531586126048234,0.002000328507897331
2020-10-21,73.64749908447266,41.72999954223633,92.61000061035156,11937.650390625,0.0009854181343897928,-0.03313253730841992,-0.004942506564746818,0.0034337457642519276
2020-10-22,73.6812973022461,42.459999084472656,92.9499969482422,11896.4501953125,0.00045891874393011456,0.017493399239016716,0.00367127022621605,-0.0034512817819539743
2020-10-23,73.72000122070312,41.77000045776367,92.7699966430664,11930.349609375,0.000525288232891219,-0.016250556796674864,-0.0019365283602540417,0.0028495402835257977
2020-10-26,73.8228988647461,40.459999084472656,93.0500030517578,11767.75,0.0013957900480077168,-0.031362254223953,0.003018286286769145,-0.013629073304543216
2020-10-27,73.94850158691406,41.20000076293945,92.94000244140624,11889.400390625,0.001701405987837079,0.018289710707155793,-0.001182166649584926,0.010337608346965288
2020-10-28,73.80500030517578,39.119998931884766,93.41000366210938,11729.599609375,-0.0019405569911328246,-0.050485480401391336,0.005057039039776834,-0.013440608945763599
2020-10-29,74.44000244140625,37.650001525878906,93.95999908447266,11670.7998046875,0.00860378204193224,-0.03757662183389621,0.005887971317855456,-0.005012942184360991
2020-10-30,74.26399993896484,37.459999084472656,94.04000091552734,11642.400390625,-0.0023643537972737327,-0.005046545383953105,0.0008514456346766508,-0.002433373422367602
2020-11-02,74.55049896240234,38.970001220703125,94.0500030517578,11669.150390625,0.0038578453042250604,0.04030972165336677,0.00010636044378009579,0.002297636149117599
2020-11-03,74.45680236816406,39.709999084472656,93.5500030517578,11813.5,-0.001256820484669574,0.0189889104590637,-0.005316320933289487,0.01237019016319918
2020-11-04,74.65560150146484,41.22999954223633,93.41000366210938,11908.5,0.0026699928949107665,0.038277524371890914,-0.0014965193488124529,0.008041647267956087
2020-11-05,74.37999725341797,40.93000030517578,92.52999877929688,12120.2998046875,-0.0036916754068543334,-0.007276236730326069,-0.009420884790838135,0.017785598915690537
2020-11-06,74.12000274658203,39.45000076293945,92.2300033569336,12263.5498046875,-0.0034954895998465796,-0.03615928490597098,-0.0032421422924562293,0.011819014571289532
2020-11-09,73.97979736328125,42.400001525878906,92.7300033569336,12461.0498046875,-0.0018915998125383915,0.07477821814672247,0.005421229337539746,0.016104635537461442
2020-11-10,73.95320129394531,43.61000061035156,92.75,12631.099609375,-0.000359504490196616,0.028537713229423556,0.00021564372201554605,0.01364650710436388
2020-11-11,74.28160095214844,43.79999923706055,93.04000091552734,12749.150390625,0.004440641547048374,0.004356767348081325,0.0031266945070334007,0.009346041508720315
2020-11-12,74.56999969482422,43.52999877929688,92.95999908447266,12690.7998046875,0.0038825057481133296,-0.006164394120244832,-0.0008598648996932523,-0.004576821525331454
2020-11-13,74.86499786376953,42.77999877929688,92.76000213623048,12719.9501953125,0.003955989944382177,-0.017229497381853975,-0.0021514301873049035,0.002296970330761372
2020-11-17,74.41809844970703,43.75,92.41999816894533,12874.2001953125,-0.005969403951305963,0.022674175978998568,-0.0036654156905453483,0.012126619808373373
2020-11-18,74.47969818115234,44.34000015258789,92.31999969482422,12938.25,0.0008277520217334633,0.013485717773437544,-0.0010820003906331088,0.004975051165572175
2020-11-19,74.41999816894531,44.20000076293945,92.29000091552734,12771.7001953125,-0.0008015608771912985,-0.0031574061607274606,-0.00032494345099698396,-0.01287266861341374
2020-11-20,74.09960174560547,44.959999084472656,92.38999938964844,12859.0498046875,-0.004305246321190337,0.017194531864588525,0.0010835244677549483,0.00683930941371913
2020-11-23,74.16239929199219,46.060001373291016,92.51000213623048,12926.4501953125,0.0008474748164275514,0.024466243576910074,0.0012988716027146907,0.005241475198302092
2020-11-24,74.24490356445312,47.86000061035156,92.2300033569336,13055.150390625,0.0011124811663132395,0.03907944384266382,-0.003026686550980262,0.0099563448098976
2020-11-25,73.96080017089844,48.61000061035156,91.98999786376952,12858.400390625,-0.003826570982182642,0.015670706026647663,-0.0026022496414236373,-0.015070680468092346
2020-11-27,74.04879760742188,48.18000030517578,91.79000091552734,12968.9501953125,0.0011897848092516927,-0.008845922645066007,-0.0021741162396629043,0.008597477238934115
2020-12-01,74.02519989013672,47.41999816894531,91.30999755859376,13109.0498046875,-0.0003186779265513806,-0.01577422439635856,-0.005229364333216635,0.010802694687318537
2020-12-02,73.65499877929688,48.25,91.12000274658205,13113.75,-0.005001014673236548,0.017503202511683025,-0.0020807668063926865,0.0003585458429504751
2020-12-03,73.66259765625,48.709999084472656,90.70999908447266,13133.900390625,0.00010316851644920355,0.00953365978181675,-0.004499601072770698,0.0015365849299400214
2020-12-04,73.86489868164062,49.25,90.6999969482422,13258.5498046875,0.002746319459635105,0.011086038301722834,-0.0001102649799515909,0.009490662358873525
2020-12-07,73.79029846191406,48.790000915527344,90.79000091552734,13355.75,-0.001009954945556668,-0.009340082933454896,0.0009923260233017928,0.007331133249439903
2020-12-08,74.0199966430664,48.84000015258789,90.97000122070312,13392.9501953125,0.003112850685526025,0.001024784507528853,0.0019826005436793803,0.002785331809333158
2020-12-09,73.72640228271484,48.86000061035156,91.08999633789062,13529.099609375,-0.00396641953075616,0.00040950978094156376,0.001319062499475887,0.010165752285866914
2020-12-10,73.93499755859375,50.25,90.79000091552734,13478.2998046875,0.0028293158138792407,0.028448615887940676,-0.0032933959207822605,-0.0037548548058806697
2020-12-11,73.72669982910156,49.970001220703125,90.9800033569336,13513.849609375,-0.0028173089385322703,-0.005572115010883061,0.0020927683609457404,0.002637558535026452
2020-12-14,73.73799896240234,50.290000915527344,90.70999908447266,13558.150390625,0.00015325700630808292,0.006403836041765754,-0.0029677320564789333,0.0032781762806703973
2020-12-15,73.86000061035156,50.7599983215332,90.47000122070312,13567.849609375,0.0016545288679643555,0.009345742641669874,-0.0026457707660876295,0.0007153791977927426
2020-12-16,73.75980377197266,51.08000183105469,90.4499969482422,13682.7001953125,-0.001356577816827964,0.0063042458649122946,-0.0002211149794518752,0.008464907059269056
2020-12-17,73.6166000366211,51.5,89.81999969482422,13740.7001953125,-0.0019414874773023838,0.008222360099642056,-0.006965143998606038,0.004238929390550483
2020-12-18,73.52980041503906,52.2599983215332,90.0199966430664,13760.5498046875,-0.001179076750880248,0.014757248961809744,0.002226641604561319,0.0014445849987885229
2020-12-21,73.60359954833984,50.90999984741211,90.04000091552734,13328.400390625,0.0010036629078853387,-0.02583234821048286,0.00022222032000573932,-0.0314049525779333
2020-12-22,73.935302734375,50.08000183105469,90.6500015258789,13466.2998046875,0.00450661636211569,-0.016303241383718303,0.006774773480109575,0.010346283876607965
2020-12-23,74.2699966430664,51.20000076293945,90.41000366210938,13601.099609375,0.004526848424410312,0.022364195106523654,-0.002647521894426186,0.010010159185716239
2020-12-24,73.83979797363281,51.290000915527344,90.33000183105467,13749.25,-0.005792361503678012,0.001757815454038747,-0.0008848780866517192,0.01089253037474136
2020-12-28,73.68900299072266,50.86000061035156,90.33999633789062,13873.2001953125,-0.0020421911631448575,-0.008383706326774543,0.00011064437765262447,0.009015051389166695
2020-12-29,73.5448989868164,51.09000015258789,90.01000213623047,13932.599609375,-0.001955570004446794,0.004522208798194871,-0.003652802911635167,0.004281594241144937
2020-12-30,73.45359802246094,51.34000015258789,89.62999725341797,13981.9501953125,-0.001241431637180379,0.004893325489397915,-0.004221807285787693,0.003542094606974411
2020-12-31,73.13400268554688,51.79999923706055,89.94000244140625,13981.75,-0.0043509827362893105,0.008959857481602773,0.0034587213822150353,-1.4318125132972703e-05
2021-01-04,73.09200286865234,51.09000015258789,89.87999725341797,14132.900390625,-0.0005742857679363889,-0.013706546234168338,-0.0006671690722642731,0.010810548795751496
2021-01-05,73.31999969482422,53.59999847412109,89.44000244140625,14199.5,0.0031193128827182726,0.049128955060417256,-0.004895358538687389,0.004712380865514287
2021-01-06,73.37480163574219,54.29999923706055,89.52999877929688,14146.25,0.0007474350947362929,0.013059716098265062,0.0010062202083411798,-0.0037501320469031096
2021-01-07,73.36000061035156,54.380001068115234,89.83000183105469,14137.349609375,-0.00020171809750302305,0.0014733302427025752,0.0033508662554253554,-0.0006291696120880319
2021-01-08,73.44599914550781,55.9900016784668,90.0999984741211,14347.25,0.001172281003827047,0.029606483610305823,0.00300563995951153,0.014847223590326086
2021-01-11,73.37339782714844,55.65999984741211,90.54000091552734,14484.75,-0.0009884992947749582,-0.005893942153275655,0.0048834899984224744,0.009583718134137165
2021-01-12,73.51349639892578,56.58000183105469,90.05000305175781,14563.4501953125,0.00190939190396211,0.01652896130371362,-0.005411948959738733,0.005433314024232416
2021-01-13,73.16500091552734,56.060001373291016,90.31999969482422,14564.849609375,-0.004740564664579505,-0.009190534481005708,0.0029982968785822184,9.609083312889233e-05
2021-01-14,73.1698989868164,56.41999816894531,90.23999786376952,14595.599609375,6.694555084774123e-05,0.006421633728782128,-0.0008857598685232393,0.002111247340323086
2021-01-15,73.08760070800781,55.09999847412109,90.77999877929688,14433.7001953125,-0.0011247559440176191,-0.023395954230122307,0.005984052840322107,-0.011092344158201595
2021-01-19,73.1886978149414,55.900001525878906,90.5,14521.150390625,0.0013832319840061391,0.014519112049223626,-0.00308436641398957,0.0060587509875604795
2021-01-20,73.19190216064453,56.08000183105469,90.47000122070312,14644.7001953125,4.37819745233714e-05,0.0032200411495955095,-0.0003314782242748171,0.008508265623863087
2021-01-21,72.91089630126953,56.09999847412109,90.12999725341795,14590.349609375,-0.0038393025878495912,0.00035657350951301403,-0.0037581956747819723,-0.0037112802046228577
2021-01-22,72.95490264892578,55.40999984741211,90.23999786376952,14371.900390625,0.0006035633888576974,-0.012299441095836583,0.0012204661456083343,-0.014972171647596122
2021-01-25,72.99590301513672,55.880001068115234,90.38999938964844,14238.900390625,0.0005619960375828903,0.008482245479108697,0.0016622509910224625,-0.009254169343308138
2021-01-27,72.91999816894531,55.810001373291016,90.6500015258789,13967.5,-0.0010398507732093387,-0.0012526788383359078,0.0028764480361336275,-0.019060488041877988
2021-01-28,73.03710174560547,55.52999877929688,90.45999908447266,13817.5498046875,0.0016059185353904937,-0.0050170683946288985,-0.0020960004214892747,-0.010735650281904374
2021-01-29,72.93879699707031,55.880001068115234,90.58000183105467,13634.599609375,-0.001345956317893915,0.006302940689939973,0.0013265835484914668,-0.013240422354072856
2021-02-01,72.90660095214844,56.34999847412109,91.0199966430664,14281.2001953125,-0.00044141178971146555,0.008410833876558943,0.004857527082328783,0.047423511101338356
2021-02-02,73.11979675292969,57.459999084472656,91.1999969482422,14647.849609375,0.0029242317979023547,0.01969832547309358,0.0019775907692203276,0.02567357148195737
2021-02-03,72.91629791259766,58.459999084472656,91.12000274658205,14789.9501953125,-0.002783088156271152,0.017403411345863207,-0.0008771294335191415,0.009701122671723184
2021-02-04,72.85800170898438,58.84000015258789,91.52999877929688,14895.650390625,-0.0007994948356149223,0.006500189429803793,0.004499517343684589,0.0071467580293813615
2021-02-05,72.9457015991211,59.34000015258789,91.04000091552734,14924.25,0.0012037097927419804,0.008497620644176918,-0.005353412764169785,0.0019199973566108586
2021-02-08,72.78479766845703,60.560001373291016,90.93000030517578,15115.7998046875,-0.0022058041411174845,0.020559508216481115,-0.0012082667975105155,0.01283480273296811
2021-02-09,72.92990112304688,61.09000015258789,90.44000244140624,15109.2998046875,0.0019935956303789304,0.008751630899576313,-0.005388737073848349,-0.0004300136336804483
2021-02-10,72.85489654541016,61.470001220703125,90.37000274658205,15106.5,-0.0010284475432124074,0.0062203481284348605,-0.0007739904128103436,-0.00018530340410816137
2021-02-11,72.80729675292969,61.13999938964844,90.41999816894533,15173.2998046875,-0.0006533506289559954,-0.005368502106740558,0.0005532302848709758,0.004421924647502795
2021-02-12,72.70950317382812,62.43000030517578,90.4800033569336,15163.2998046875,-0.0013431837667785551,0.021099131966065388,0.0006636273966313944,-0.0006590524229219685
2021-02-16,72.63870239257812,63.34999847412109,90.51000213623048,15313.4501953125,-0.0009737486595216005,0.014736475483711153,0.0003315514830226629,0.009902223959100453
2021-02-17,72.93499755859375,64.33999633789062,90.9499969482422,15208.900390625,0.004079026142486564,0.015627433111524924,0.004861283854014964,-0.006827318687430917
2021-02-18,72.79730224609375,63.93000030517578,90.58999633789062,15118.9501953125,-0.001887918243767439,-0.006372335344280944,-0.003958225645201985,-0.005914312869584326
2021-02-19,72.60540008544922,62.90999984741211,90.36000061035156,14981.75,-0.00263611637689265,-0.015954957811584625,-0.0025388645196673387,-0.009074717063029758
2021-02-22,72.5530014038086,65.23999786376953,90.01000213623047,14675.7001953125,-0.0007216912458157809,0.03703700559543499,-0.0038733783948314837,-0.020428174591586412
2021-02-23,72.44400024414062,65.37000274658203,90.16999816894533,14707.7998046875,-0.0015023659608690565,0.001992717459678106,0.0017775361506235932,0.0021872625461001327
2021-02-24,72.37699890136719,67.04000091552734,90.18000030517578,14982.0,-0.000924870831920388,0.02554685786719868,0.00011092532365042373,0.01864318245786234
2021-02-25,72.4000015258789,66.87999725341797,90.12999725341795,15097.349609375,0.00031781677688891286,-0.002386689438011569,-0.0005544805010935239,0.007699213013950157
2021-02-26,73.1509017944336,66.12999725341797,90.93000030517578,14529.150390625,0.010371550452057399,-0.011214115293069482,0.00887610203191791,-0.03763569324758598
2021-03-01,73.59590148925781,63.68999862670898,91.04000091552734,14761.5498046875,0.006083311126836799,-0.03689700178511468,0.001209728472257643,0.015995389118723446
2021-03-02,73.30940246582031,62.70000076293945,90.79000091552734,14919.099609375,-0.003892866554251251,-0.01554400824487312,-0.002746045666585206,0.010672985341787733
2021-03-03,73.27749633789062,64.06999969482422,90.9499969482422,15245.599609375,-0.0004352255898493196,0.021850062443612206,0.0017622649091471043,0.021884698711632122
2021-03-04,72.88069915771484,66.73999786376953,91.62999725341795,15080.75,-0.005414993688459324,0.04167314158986968,0.007476639120314932,-0.010812930524138231
2021-03-05,73.13179779052734,69.36000061035156,91.9800033569336,14938.099609375,0.0034453378701693183,0.039256859910754116,0.0038197764270104795,-0.009459104528952489
2021-03-08,73.1333999633789,68.23999786376953,92.30999755859376,14956.2001953125,2.190801949319976e-05,-0.01614767498163594,0.0035876732943747047,0.0012117060677612201
2021-03-09,73.33000183105469,67.5199966430664,91.95999908447266,15098.400390625,0.002688263745077135,-0.010551014701678296,-0.00379155544770704,0.00950777560179139
2021-03-10,72.7759017944336,67.9000015258789,91.79000091552734,15174.7998046875,-0.0075562528676555996,0.005628034681656402,-0.0018486099460391925,0.005060099883821945
2021-03-12,72.63899993896484,69.22000122070312,91.68000030517578,15030.9501953125,-0.0018811426872517023,0.019440348529611295,-0.0011983942614053333,-0.009479506235763657
2021-03-15,72.68299865722656,68.87999725341797,91.83000183105467,14929.5,0.0006057175663030101,-0.004911932408106723,0.0016361422925346147,-0.006749419963093084
2021-03-16,72.51529693603516,68.38999938964844,91.87000274658205,14910.4501953125,-0.002307303279853512,-0.007113790408074028,0.00043559745976007314,-0.001275984104457617
2021-03-17,72.5156021118164,68.0,91.4000015258789,14721.2998046875,4.208433173946702e-06,-0.005702579223994975,-0.005115937810512672,-0.012685759862868795
2021-03-18,72.29560089111328,63.27999877929688,91.8499984741211,14557.849609375,-0.003033846707414689,-0.06941178265739878,0.004923380095511076,-0.011102973071742905
2021-03-19,72.6688003540039,64.52999877929688,91.91999816894533,14744.0,0.0051621323882862225,0.019753476992938168,0.0007621088294733624,0.012786942826028547
2021-03-22,72.40499877929688,64.62000274658203,91.8000030517578,14736.400390625,-0.003630190307558845,0.0013947616455562972,-0.001305429934484792,-0.000515437423697751
2021-03-23,72.38050079345703,60.790000915527344,92.33999633789062,14814.75,-0.00033834660938969474,-0.059269601799224136,0.005882279609820573,0.00531673999743143
2021-03-24,72.61219787597656,64.41000366210938,92.52999877929688,14549.400390625,0.0032010980855285975,0.059549312256341524,0.002057639689642121,-0.017911176994211853
2021-03-25,72.64559936523438,61.95000076293945,92.87999725341795,14324.900390625,0.0004599983230759719,-0.038192870040420046,0.00378254056779892,-0.015430189146808937
2021-03-26,72.61280059814453,64.56999969482422,92.7699966430664,14507.2998046875,-0.00045149007477995884,0.04229215334331582,-0.001184330465163752,0.012733031929623273
2021-03-30,72.74189758300781,64.13999938964844,93.3000030517578,14845.099609375,0.0017778819133795754,-0.006659444125880154,0.00571312307717986,0.02328481586755049
2021-03-31,73.44529724121094,63.540000915527344,93.2300033569336,14690.7001953125,0.009669800782973192,-0.009354513249620111,-0.000750264657391031,-0.010400699094332388
2021-04-01,73.20349884033203,64.86000061035156,92.93000030517578,14867.349609375,-0.003292224416830747,0.020774310289656484,-0.00321788094986164,0.012024574166918489
2021-04-05,73.3759994506836,62.150001525878906,92.5999984741211,14637.7998046875,0.002356453080580412,-0.04178228583057009,-0.003551079629516618,-0.015439860548026041
2021-04-06,73.27950286865234,62.7400016784668,92.33999633789062,14683.5,-0.0013150973445493763,0.00949316392763433,-0.0028077984936806244,0.003122067245233451
2021-04-07,73.48999786376953,63.15999984741211,92.45999908447266,14819.0498046875,0.002872494857047325,0.006694264547485007,0.001299574954962246,0.009231436965811968
2021-04-08,74.40149688720703,63.20000076293945,92.05999755859376,14873.7998046875,0.012403035105908788,0.0006333267198224135,-0.004326211657361689,0.0036945688638336804
2021-04-09,74.54450225830078,62.95000076293945,92.16000366210938,14834.849609375,0.001922076531746919,-0.003955696154779198,0.001086314427196866,-0.0026187118170183377
2021-04-12,74.72949981689453,63.27999877929688,92.13999938964844,14310.7998046875,0.0024817062692661374,0.005242224183604982,-0.00021706023943179886,-0.03532558930400764
2021-04-13,74.99099731445312,63.66999816894531,91.8499984741211,14504.7998046875,0.0034992539519109744,0.0061630751765442415,-0.003147394372133294,0.013556195506029933
2021-04-15,75.0261001586914,66.94000244140625,91.66999816894533,14581.4501953125,0.0004680941112316095,0.05135863619446224,-0.0019597202848782302,0.005284484560774683
2021-04-16,74.72740173339844,66.7699966430664,91.55999755859376,14617.849609375,-0.003981260183605118,-0.002539674217798993,-0.001199963047330166,0.002496282165007191
2021-04-19,74.56320190429688,67.05000305175781,91.06999969482422,14359.4501953125,-0.002197317520651554,0.004193596267321187,-0.005351658768404488,-0.017676978554819645
2021-04-20,74.8781967163086,66.56999969482422,91.23999786376952,14296.400390625,0.00422453440795123,-0.007158886429327493,0.0018666758484129353,-0.004390823034999047
2021-04-22,75.42949676513672,65.4000015258789,91.33000183105467,14406.150390625,0.007362624542319507,-0.017575457027323327,0.0009864529744898487,0.007676757575422188
2021-04-23,75.0916976928711,66.11000061035156,90.86000061035156,14341.349609375,-0.004478341852358181,0.010856254860968306,-0.005146186480676218,-0.004498133053794207
2021-04-26,74.86810302734375,65.6500015258789,90.80999755859376,14485.0,-0.002977621659878582,-0.0069580862233517005,-0.0005503307442428218,0.010016518287169873
2021-04-27,74.81490325927734,66.41999816894531,90.91000366210938,14653.0498046875,-0.0007105798853614953,0.011728813787808878,0.0011012675498760505,0.011601643402658013
2021-04-28,74.57499694824219,67.2699966430664,90.61000061035156,14864.5498046875,-0.003206664722986252,0.012797327575334139,-0.0033000004363969992,0.014433855260107098
2021-04-29,74.31179809570312,68.55999755859375,90.61000061035156,14894.900390625,-0.003529317644112462,0.01917646766614345,0.0,0.0020418099664161193
2021-04-30,74.10579681396484,67.25,91.27999877929688,14631.099609375,-0.0027721208074252823,-0.019107316295835397,0.0073943070790440935,-0.017710812045177438
2021-05-03,74.09480285644531,67.55999755859375,90.9499969482422,14634.150390625,-0.00014835489249420686,0.004609629124070702,-0.003615269888999184,0.00020851346320172048
2021-05-04,73.8375015258789,68.87999725341797,91.29000091552734,14496.5,-0.0034725961963204544,0.019538184466028286,0.0037383615029544792,-0.00940610742344028
2021-05-05,73.77890014648438,68.95999908447266,91.30999755859376,14617.849609375,-0.0007936533358187114,0.0011614668154000807,0.00021904527183558287,0.0083709591539336
2021-05-06,73.79940032958984,68.08999633789062,90.9499969482422,14724.7998046875,0.00027785970060234533,-0.012616049276861552,-0.003942619866138419,0.0073164109749706
2021-05-07,73.61519622802734,68.27999877929688,90.2300033569336,14823.150390625,-0.002496010817701011,0.002790460443901077,-0.007916367404809721,0.006679247748155426
2021-05-10,73.29029846191406,68.31999969482422,90.20999908447266,14942.349609375,-0.004413460572826433,0.0005858365003292842,-0.00022170311112368335,0.008041422748121585
2021-05-11,73.5,68.55000305175781,90.13999938964844,14850.75,0.00286124551934952,0.003366559689124582,-0.0007759638125999224,-0.006130201191218876
2021-05-12,73.3750991821289,69.31999969482422,90.70999908447266,14696.5,-0.0016993308553889808,0.011232627407544049,0.006323493440024031,-0.0103866808073666
2021-05-14,73.44490051269531,68.70999908447266,90.31999969482422,14677.7998046875,0.0009512945310390375,-0.008799778029963123,-0.0042994090352184156,-0.0012724250884564858
2021-05-17,73.27890014648438,69.45999908447266,90.22000122070312,14923.150390625,-0.002260202751343421,0.01091544185698412,-0.0011071576002986694,0.01671576048197254
2021-05-18,73.26969909667969,68.70999908447266,89.75,15108.099609375,-0.0001255620620164155,-0.010797581484098484,-0.0052095013782295085,0.012393443335275034
2021-05-19,73.1281967163086,66.66000366210938,90.19000244140624,15030.150390625,-0.001931253739480776,-0.029835474453186905,0.004902534166086214,-0.005159432408138875
2021-05-20,73.222900390625,65.11000061035156,89.80999755859375,14906.0498046875,0.0012950363685815258,-0.023252369736049938,-0.004213381445015041,-0.00825677606093067
2021-05-21,73.02189636230469,66.44000244140625,90.0199966430664,15175.2998046875,-0.0027450978757739275,0.020426997674505287,0.002338259549953259,0.01806313567497475
2021-05-24,72.90979766845703,68.45999908447266,89.83000183105469,15197.7001953125,-0.0015351380809321968,0.030403319819981123,-0.002110584526736403,0.001476108604989923
2021-05-25,72.83660125732422,68.6500015258789,89.63999938964844,15208.4501953125,-0.001003931069259889,0.002775378965047981,-0.002115133446881079,0.0007073438653115716
2021-05-26,72.80490112304688,68.87000274658203,90.04000091552734,15301.4501953125,-0.0004352225904301621,0.0032046790358801758,0.004462310671602854,0.006115021504864648
2021-05-27,72.67250061035156,69.45999908447266,89.97000122070312,15337.849609375,-0.0018185659296692247,0.008566811592292334,-0.0007774288550917996,0.002378821196545866
2021-05-28,72.68299865722656,69.62999725341797,90.02999877929688,15435.650390625,0.00014445693745002153,0.0024474254417794494,0.0006668618181584485,0.006376433707514062
2021-06-01,72.48719787597656,70.25,89.83000183105469,15574.849609375,-0.002693900703978902,0.008904247752955285,-0.0022214478613119537,0.009018033916766033
2021-06-02,72.8550033569336,71.3499984741211,89.9000015258789,15576.2001953125,0.005074075033033143,0.01565834126862775,0.0007792462807232337,8.67158252806366e-05
2021-06-03,72.96510314941406,71.30999755859375,90.5,15690.349609375,0.0015112180002390119,-0.0005606295218332225,0.006674065227333381,0.0073284506253876724
2021-06-04,73.04419708251953,71.88999938964844,90.13999938964844,15670.25,0.0010839967284566043,0.008133527568530807,-0.003977907296702332,-0.001281017305247989
2021-06-07,72.90969848632812,71.48999786376953,89.94999694824219,15751.650390625,-0.0018413317082458525,-0.005564077469397022,-0.0021078593598046202,0.0051945814919991395
2021-06-08,72.80940246582031,72.22000122070312,90.08000183105467,15740.099609375,-0.001375619740446754,0.01021126561403296,0.0014453016923090534,-0.0007333060957773752
2021-06-09,72.97530364990234,72.22000122070312,90.12000274658205,15635.349609375,0.002278568130811287,0.0,0.00044405988803597474,-0.006654976944212576
2021-06-10,72.98529815673828,72.5199966430664,90.08000183105467,15737.75,0.00013695738607522046,0.004153910513605474,-0.00044386278637664756,0.0065492869160790335
2021-06-11,73.01229858398438,72.69000244140625,90.55999755859376,15799.349609375,0.00036994337117191023,0.00234426097916951,0.005328549264900451,0.003914130633349666
2021-06-14,73.23159790039062,72.86000061035156,90.5199966430664,15811.849609375,0.0030035941979555947,0.002338673314564055,-0.00044170623460404457,0.0007911718082738162
2021-06-15,73.18080139160156,73.98999786376953,90.54000091552734,15869.25,-0.0006936419557327378,0.015509157891187675,0.00022099285464860507,0.003630213545097627
2021-06-16,73.3447036743164,74.38999938964844,91.12999725341795,15767.5498046875,0.0022396896398795274,0.00540615674317757,0.006516416301354688,-0.006408632752808119
2021-06-17,73.8240966796875,73.08000183105469,91.88999938964844,15691.400390625,0.00653616391307299,-0.017609861128403792,0.00833975813822363,-0.0048295020472909345
2021-06-18,74.25389862060547,73.51000213623047,92.2300033569336,15683.349609375,0.0058219735865217,0.005883966809002716,0.003700119376901956,-0.000513069646403852
2021-06-21,74.1438980102539,74.9000015258789,91.86000061035156,15746.5,-0.0014814119176906893,0.0189089831214051,-0.004011739489481636,0.004026588209654625
2021-06-22,74.13520050048828,74.80999755859375,91.7300033569336,15772.75,-0.00011730580666835522,-0.0012016550794602399,-0.0014151671299175161,0.0016670371193598932
2021-06-23,74.33219909667969,75.19000244140625,91.8000030517578,15686.9501953125,0.00265728823637712,0.005079600256835626,0.0007631057697863319,-0.005439749231269109
2021-06-24,74.24690246582031,75.55999755859375,91.81999969482422,15790.4501953125,-0.0011475058170744568,0.004920802037156946,0.00021782834860206712,0.006597840798329813
2021-06-25,74.19029998779297,76.18000030517578,91.80999755859376,15860.349609375,-0.0007623547400297248,0.008205436297178847,-0.00010893200025807737,0.0044266891189239654
2021-06-28,74.21299743652344,74.68000030517578,91.87999725341795,15814.7001953125,0.0003059355297687638,-0.01969020732463933,0.0007624408744757449,-0.0028782098242977616
2021-06-29,74.285400390625,74.76000213623047,92.0500030517578,15748.4501953125,0.0009756101572839793,0.0010712617933552604,0.0018503026058103167,-0.0041891404314852165
2021-06-30,74.28759765625,75.12999725341797,92.44000244140624,15721.5,2.9578700706300864e-05,0.004949105224920647,0.004236821039855343,-0.0017112919035373597
2021-07-01,74.37100219726562,75.83999633789062,92.5999984741211,15680.0,0.0011227249722296495,0.009450274330209174,0.001730809481709672,-0.002639697229908089
2021-07-02,74.54499816894531,76.16999816894531,92.2300033569336,15722.2001953125,0.0023395673923847227,0.00435129017655056,-0.003995627681256386,0.002691338986766656
2021-07-06,74.31780242919922,74.52999877929688,92.5500030517578,15818.25,-0.003047766387104689,-0.02153077890340649,0.0034695834671694126,0.006109183415444308
2021-07-07,74.76290130615234,73.43000030517578,92.63999938964844,15879.650390625,0.005989128612584604,-0.01475913715467081,0.0009724077247226237,0.0038816171589777237
2021-07-08,74.8218994140625,74.12000274658203,92.36000061035156,15727.900390625,0.0007891361474665626,0.009396737553296841,-0.0030224393473836653,-0.0095562557277451
2021-07-09,74.72139739990234,75.55000305175781,92.12999725341795,15689.7998046875,-0.0013432165575479882,0.019293041718643655,-0.0024902918515986583,-0.0024224839292732447
2021-07-12,74.4905014038086,75.16000366210938,92.2300033569336,15692.599609375,-0.003090092050313409,-0.005162135988019179,0.0010854890534790496,0.00017844744498685117
2021-07-13,74.54170227050781,76.48999786376953,92.75,15812.349609375,0.0006873475910931237,0.017695504747968105,0.005638042113627506,0.007630985495128417
2021-07-14,74.65910339355469,74.76000213623047,92.41000366210938,15853.9501953125,0.0015749723909017632,-0.022617280374621296,-0.0036657287104110425,0.0026308921169333477
2021-07-15,74.46910095214844,73.47000122070312,92.62000274658205,15924.2001953125,-0.0025449333406092345,-0.01725522844657834,0.0022724713359012494,0.004431072328003882
2021-07-16,74.53700256347656,73.58999633789062,92.69000244140624,15923.400390625,0.0009118091995197197,0.0016332532352494322,0.0007557729728826512,-5.0225736783704455e-05
2021-07-19,74.63179779052734,68.62000274658203,92.88999938964844,15752.400390625,0.0012717874852836708,-0.06753626632197018,0.002157697086788035,-0.010738912280361723
2021-07-20,74.99340057373047,69.3499984741211,92.97000122070312,15632.099609375,0.004845157076586171,0.010638235183915379,0.0008612534350345147,-0.0076369809214345
2021-07-22,74.44020080566406,73.79000091552734,92.81999969482422,15824.0498046875,-0.007376645995970321,0.06402310798987387,-0.0016134400764695744,0.012279233123449584
2021-07-23,74.4520034790039,74.0999984741211,92.91000366210938,15856.0498046875,0.00015855241135986908,0.0042010781236963,0.0009696613615715055,0.002022238326785386
2021-07-26,74.44889831542969,74.5,92.6500015258789,15824.4501953125,-4.1706917599526605e-05,0.005398131364585668,-0.002798429942765135,-0.0019929055322251976
2021-07-27,74.28949737548828,74.4800033569336,92.43000030517578,15746.4501953125,-0.0021410785592292925,-0.0002684113163275992,-0.0023745409290865105,-0.004929081202650898
2021-07-28,74.5022964477539,74.73999786376953,92.31999969482422,15709.400390625,0.0028644570199480857,0.0034907961213421768,-0.001190096397147844,-0.002352898858342667
2021-07-29,74.38999938964844,76.05000305175781,91.86000061035156,15778.4501953125,-0.0015072965996990595,0.017527498333302916,-0.004982659077049867,0.004395444954646832
2021-07-30,74.25199890136719,76.33000183105469,92.16999816894533,15763.0498046875,-0.0018550946284918712,0.003681772098106384,0.0033746740315048207,-0.000976039499086867
2021-08-02,74.37909698486328,72.88999938964844,92.0500030517578,15885.150390625,0.0017117126188741505,-0.04506750109898061,-0.0013018891132836607,0.007746000136419795
2021-08-03,74.33200073242188,72.41000366210938,92.08000183105467,16130.75,-0.0006331920438747973,-0.006585206908469643,0.0003258965595036578,0.015460955882416139
2021-08-04,74.21440124511719,70.37999725341797,92.2699966430664,16258.7998046875,-0.0015820842456268913,-0.02803488891071093,0.0020633667271241496,0.007938242467802281
2021-08-05,74.18399810791016,71.29000091552734,92.23999786376952,16294.599609375,-0.00040966627362004626,0.012929862142970983,-0.0003251195446872801,0.0022018725316477195
2021-08-06,74.08200073242188,70.69999694824219,92.8000030517578,16238.2001953125,-0.0013749242166742892,-0.008276111091431448,0.006071175205526025,-0.003461233501561467
2021-08-09,74.49140167236328,69.04000091552734,92.9499969482422,16258.25,0.005526321318185312,-0.02347943570535216,0.0016163134865496698,0.0012347307242392969
2021-08-10,74.46620178222656,70.62999725341797,93.05999755859376,16280.099609375,-0.0003382926025148336,0.023030074113643773,0.0011834385579680973,0.0013439090538649445
2021-08-11,74.43550109863281,71.44000244140625,92.91000366210938,16282.25,-0.00041227674916910484,0.011468288538678761,-0.001611797769390133,0.00013208706805212245
2021-08-12,74.10299682617188,71.30999755859375,93.04000091552734,16364.400390625,-0.0044670119439425005,-0.0018197771328343215,0.0013991739134004977,0.005045395484346349
2021-08-13,74.26010131835938,70.58999633789062,92.5199966430664,16529.099609375,0.002120082843019455,-0.010096778086572167,-0.005589039846775834,0.010064482340847336
2021-08-16,74.216796875,69.51000213623047,92.62999725341795,16563.05078125,-0.0005831454925401269,-0.015299536162186267,0.0011889387628916115,0.002054024277023725
2021-08-17,74.13500213623047,69.02999877929688,93.12999725341795,16614.599609375,-0.0011021054830390176,-0.006905529307751235,0.005397819441061769,0.0031122785775283823
2021-08-18,74.364501953125,68.2300033569336,93.13999938964844,16568.849609375,0.0030957012245416138,-0.011589098022745659,0.00010739972646267582,-0.00275360231817956
2021-08-20,74.4292984008789,65.18000030517578,93.5,16450.5,0.0008713357321312731,-0.04470178662900315,0.003865155816090482,-0.007142898400624986
2021-08-23,74.30149841308594,68.75,92.95999908447266,16496.44921875,-0.0017170655983431704,0.05477139733214664,-0.005775410861254993,0.0027931806783987323
2021-08-24,74.10590362548828,71.05000305175781,92.88999938964844,16624.599609375,-0.002632447417281303,0.03345458984374994,-0.0007530087727368739,0.007768362083601765
2021-08-25,74.1447982788086,72.25,92.83000183105467,16634.650390625,0.0005248522913487985,0.016889470748763014,-0.000645899009451889,0.0006045728309951315
2021-08-26,74.0999984741211,71.06999969482422,93.05999755859376,16636.900390625,-0.0006042204676184326,-0.016332184154682072,0.0024776012388503243,0.00013525983096518424
2021-08-27,74.15599822998047,72.69999694824219,92.69000244140624,16705.19921875,0.0007557322133944222,0.022935095826891905,-0.003975877142641915,0.004105261588480014
2021-08-30,73.49659729003906,73.41000366210938,92.6500015258789,16931.05078125,-0.008892078263128544,0.009766255071133934,-0.00043155587953103147,0.013519836521704187
2021-08-31,73.41120147705078,72.98999786376953,92.62999725341795,17132.19921875,-0.0011619015864269278,-0.00572137007747664,-0.00021591227341066777,0.011880446175423387
2021-09-01,72.99669647216797,71.58999633789062,92.4499969482422,17076.25,-0.005646345469667802,-0.01918073115294383,-0.0019432182933494246,-0.00326573477436376
2021-09-02,72.98509979248047,73.02999877929688,92.2300033569336,17234.150390625,-0.00015886581513890885,0.020114576268585482,-0.0023795954415419818,0.009246783727399066
2021-09-03,73.0542984008789,72.61000061035156,92.04000091552734,17323.599609375,0.0009481196654548274,-0.005751036231214868,-0.002060093619111525,0.005190230833697296
2021-09-07,73.11000061035156,71.69000244140625,92.5199966430664,17362.099609375,0.0007624768246625724,-0.012670405745929036,0.005215077387706657,0.002222401860359602
2021-09-08,73.3904037475586,72.5999984741211,92.6500015258789,17353.5,0.00383535952490921,0.012693485865879373,0.0014051544263888882,-0.0004953092983268625
2021-09-09,73.78900146484375,71.44999694824219,92.4800033569336,17369.25,0.005431196681465522,-0.01584024173621479,-0.0018348425919650913,0.0009075978909154347
2021-09-13,73.52429962158203,73.51000213623047,92.62000274658205,17355.30078125,-0.0035872804619511145,0.028831424436316366,0.0015138341756770757,-0.000803098507419775
2021-09-14,73.54080200195312,73.5999984741211,92.6500015258789,17380.0,0.00022444797782550374,0.0012242733679130868,0.0003238909350817831,0.001423151293159064
2021-09-15,73.65080261230469,75.45999908447266,92.48999786376952,17519.44921875,0.0014957765941774337,0.025271747947190004,-0.0017269688016647855,0.00802354538262362
2021-09-16,73.43800354003906,75.66999816894531,92.86000061035156,17629.5,-0.002889297396876933,0.002782919255506222,0.004000462267574445,0.006281634763507293
2021-09-17,73.56490325927734,75.33999633789062,93.1999969482422,17585.150390625,0.0017279843285649132,-0.004361065667239816,0.003661386341329953,-0.002515647600612625
2021-09-20,73.69609832763672,73.91999816894531,93.23999786376952,17396.900390625,0.00178339211426648,-0.0188478661795628,0.0004291943866643333,-0.010705054879733056
2021-09-21,73.65899658203125,74.36000061035156,93.1999969482422,17562.0,-0.0005034424677480276,0.005952414127508687,-0.0004290102578697885,0.00949017386246398
2021-09-22,73.7927017211914,76.19000244140625,93.45999908447266,17546.650390625,0.0018151908845411846,0.02461002980142446,0.0027897225830901817,-0.0008740239935656202
2021-09-23,73.8749008178711,77.25,93.0999984741211,17822.94921875,0.0011139190565248036,0.013912554464202032,-0.003851921826215521,0.015746528367181822
2021-09-24,73.83999633789062,78.08999633789062,93.33000183105467,17853.19921875,-0.0004724809048004541,0.010873739001820315,0.002470497966737595,0.0016972499684944076
2021-09-27,73.81289672851562,79.52999877929688,93.37999725341795,17855.099609375,-0.0003670044788598448,0.01844029336581654,0.0005356843606816319,0.00010644538279747096
2021-09-28,73.82530212402344,79.08999633789062,93.7699966430664,17748.599609375,0.00016806542024006,-0.005532534240661802,0.0041764767736076625,-0.0059646824901542495
2021-09-29,74.16329956054688,78.63999938964844,94.33999633789062,17711.30078125,0.004578341392434959,-0.00568968224906341,0.006078700173083096,-0.0021015082285871234
2021-09-30,74.3219985961914,78.5199966430664,94.25,17618.150390625,0.0021398594262243,-0.0015259759348094093,-0.0009539574028420983,-0.005259376020738893
2021-10-01,74.25440216064453,79.27999877929688,94.04000091552734,17532.05078125,-0.0009095077745976399,0.009679090279196778,-0.002228106997057333,-0.004886983449795879
2021-10-04,74.152099609375,81.26000213623047,93.80999755859376,17691.25,-0.001377730454932613,0.024974815683910467,-0.0024458034314587263,0.009080467581137563
2021-10-05,74.57279968261719,82.55999755859375,93.9800033569336,17822.30078125,0.005673474863940209,0.015997974257788927,0.001812235398829909,0.007407660919946268
2021-10-06,74.56320190429688,81.08000183105469,94.2699966430664,17646.0,-0.00012870347313176378,-0.017926305369482254,0.0030856913787438156,-0.009892144870289554
2021-10-07,74.76000213623047,81.94999694824219,94.22000122070312,17790.349609375,0.0026393747439412696,0.010730082604096358,-0.0005303428889742445,0.008180302016037588
2021-10-08,74.83000183105469,82.38999938964844,94.06999969482422,17895.19921875,0.0009363254791869835,0.005369157508134492,-0.0015920348539111284,0.005893622760496431
2021-10-11,75.30580139160156,83.6500015258789,94.31999969482422,17945.94921875,0.006358406373169645,0.015293144138422976,0.002657595416296843,0.0028359561343596074
2021-10-12,75.40260314941406,83.41999816894531,94.5199966430664,17991.94921875,0.0012854488767619632,-0.0027495917840770767,0.002120408703236709,0.0025632525445875576
2021-10-13,75.48390197753906,83.18000030517578,94.08000183105467,18161.75,0.0010781965705335406,-0.0028769823667879058,-0.004655044727448265,0.00943759784921161
2021-10-14,75.3062973022461,84.0,93.95999908447266,18338.55078125,-0.002352881483866809,0.009858135270687018,-0.0012755393733676623,0.009734787740718787
2021-10-18,75.00589752197266,84.33000183105469,93.9499969482422,18477.05078125,-0.003989039310587361,0.003928593226841581,-0.00010645100391559748,0.007552396132719963
2021-10-19,75.2354965209961,85.08000183105469,93.79000091552734,18418.75,0.0030610792832146405,0.00889363196626669,-0.0017029913561679155,-0.003155307734996393
2021-10-20,75.12010192871094,85.81999969482422,93.55999755859376,18266.599609375,-0.0015337785702385087,0.008697670990169382,-0.002452322792285022,-0.008260625212080042
2021-10-21,74.80919647216797,84.61000061035156,93.7699966430664,18178.099609375,-0.004138778416967748,-0.014099266939820665,0.0022445392256571495,-0.004844908296702255
2021-10-22,74.86540222167969,85.52999877929688,93.61000061035156,18114.900390625,0.0007513213904473126,0.01087339749803462,-0.0017062604078346144,-0.003476668084567369
2021-10-25,74.99369812011719,85.98999786376953,93.80999755859376,18125.400390625,0.0017136874261038937,0.0053782192334603796,0.002136491260957163,0.000579633328010587
2021-10-26,75.08989715576172,86.4000015258789,93.9499969482422,18268.400390625,0.0012827615927200053,0.004768038984707568,0.0014923717438644069,0.007889480889700096
2021-10-27,74.88890075683594,84.58000183105469,93.86000061035156,18210.94921875,-0.0026767435639024617,-0.021064810910669807,-0.0009579174115377231,-0.0031448386638428527
2021-10-28,75.05000305175781,84.31999969482422,93.3499984741211,17857.25,0.0021512172470654622,-0.0030740379593490186,-0.005433647271617659,-0.0194223384240636
2021-10-29,74.79720306396484,84.37999725341797,94.12000274658205,17671.650390625,-0.003368420753009471,0.0007115460010780339,0.008248572951765176,-0.010393515763905459
2021-11-01,74.92829895019531,84.70999908447266,93.87999725341795,17929.650390625,0.0017526843365835987,0.003910901182700766,-0.002549994540589906,0.014599655057507821
2021-11-02,74.82990264892578,84.72000122070312,94.08999633789062,17888.94921875,-0.0013132061270326734,0.00011807503646044104,0.002236888481214949,-0.002270048271341696
2021-11-03,74.71199798583984,81.98999786376953,93.86000061035156,17829.19921875,-0.0015756356605073352,-0.03222383519355354,-0.00244442274939749,-0.0033400508475575075
2021-11-04,74.43550109863281,80.54000091552734,94.3499984741211,17916.80078125,-0.003700836474209046,-0.017685046786455993,0.005220518437920152,0.004913376165984751
2021-11-08,74.19110107421875,83.43000030517578,94.0500030517578,18068.55078125,-0.0032833798497603484,0.03588278317353821,-0.0031796017722838243,0.008469704042186388
2021-11-09,73.91850280761719,84.77999877929688,93.95999908447266,18044.25,-0.0036742717476164755,0.016181211424942887,-0.0009569799507141985,-0.001344921435271762
2021-11-10,74.17479705810547,82.63999938964844,94.8499984741211,18017.19921875,0.0034672543511240494,-0.02524179547606953,0.009472109390383343,-0.0014991358050348014
2021-11-11,74.40489959716797,82.87000274658203,95.18000030517578,17873.599609375,0.0031021660751191504,0.002783196498455043,0.003479197009631285,-0.007970140510272006
2021-11-12,74.32209777832031,82.16999816894531,95.12999725341795,18102.75,-0.0011128543858798245,-0.008447020084907497,-0.0005253525068029674,0.012820606684330382
2021-11-15,74.33999633789062,82.05000305175781,95.41000366210938,18109.44921875,0.0002408241977196468,-0.0014603276117979291,0.0029434081443890925,0.0003700663573213969
2021-11-16,74.43509674072266,82.43000030517578,95.91999816894533,17999.19921875,0.0012792629474958073,0.004631288717664717,0.005345293860820721,-0.006087981951756416
2021-11-17,74.45860290527344,80.27999877929688,95.83000183105467,17898.650390625,0.0003157941022453592,-0.026082755282288983,-0.0009382437407071675,-0.005586294529162039
2021-11-18,74.25980377197266,81.23999786376953,95.54000091552734,17764.80078125,-0.002669928329889437,0.0119581352649476,-0.0030262017112197004,-0.007478195643460861
2021-11-22,74.30259704589844,79.69999694824219,96.5,17416.55078125,0.0005762643011713031,-0.01895619098993273,0.010048137693880133,-0.019603372100156835
2021-11-23,74.42980194091797,82.30999755859375,96.48999786376952,17503.349609375,0.001711984507633657,0.032747813178042096,-0.00010364908010862539,0.004983697932798847
2021-11-24,74.4469985961914,82.25,96.83999633789062,17415.05078125,0.00023104529133499696,-0.0007289218852307711,0.003627303159600581,-0.0050446817378146935
2021-11-26,74.50579833984375,72.72000122070312,96.08999633789062,17026.44921875,0.0007898202044556157,-0.11586624655680089,-0.007744733874040288,-0.022314121697445177
2021-11-29,74.98159790039062,73.44000244140625,96.33999633789062,17053.94921875,0.006386074253933893,0.009901006719154726,0.0026017276462464434,0.0016151341742889347
2021-11-30,75.05490112304688,70.56999969482422,95.98999786376952,16983.19921875,0.0009776161712855558,-0.039079556797017356,-0.003632950876327312,-0.004148599194972014
2021-12-01,75.0509033203125,68.87000274658203,96.0500030517578,17166.900390625,-5.326504564728829e-05,-0.02408951332852094,0.0006251191720354488,0.01081664117042136
2021-12-02,75.01789855957031,69.66999816894531,96.12999725341795,17401.650390625,-0.0004397650032448297,0.011616021351225969,0.0008328391371008603,0.013674571102433752
2021-12-03,74.9834976196289,69.87999725341797,96.12000274658205,17196.69921875,-0.00045856976270919336,0.0030141967847252538,-0.00010396865829054303,-0.01177768586739425
2021-12-06,75.23400115966797,73.08000183105469,96.29000091552734,16912.25,0.003340782278652865,0.04579285494291008,0.0017686034549280194,-0.01654091957599968
2021-12-07,75.39129638671875,75.44000244140625,96.37000274658205,17176.69921875,0.0020907465325012975,0.032293384663664604,0.0008308425619902859,0.015636548581649423
2021-12-08,75.40859985351562,75.81999969482422,95.88999938964844,17469.75,0.0002295154431104507,0.005037079018032964,-0.0049808378463560565,0.017060948527881648
2021-12-09,75.38330078125,74.41999816894531,96.2699966430664,17516.849609375,-0.0003354931972582298,-0.018464805216485303,0.003962845508777679,0.002696066593683266
2021-12-10,75.59919738769531,75.1500015258789,96.0500030517578,17511.30078125,0.0028639845192213187,0.009809236426966406,-0.0022851729404775867,-0.00031677089480919296
2021-12-13,75.70999908447266,74.38999938964844,96.31999969482422,17368.25,0.0014656464698841187,-0.010113135339974044,0.0028110008796244923,-0.008169055116863166
2021-12-14,75.82689666748047,73.69999694824219,96.56999969482422,17324.900390625,0.0015440177575143377,-0.009275473142459356,0.002595514958389611,-0.002495911181322197
2021-12-15,76.04720306396484,73.87999725341797,96.51000213623048,17221.400390625,0.002905385900869417,0.002442338027533353,-0.000621285686893791,-0.005974060321640162
2021-12-16,76.2114028930664,75.0199966430664,96.04000091552734,17248.400390625,0.0021591830137848156,0.015430420032882308,-0.004869974202670768,0.0015678167505297491
2021-12-17,76.1675033569336,73.5199966430664,96.56999969482422,16985.19921875,-0.0005760231994995646,-0.01999466898321478,0.005518521181221647,-0.01525945397337003
2021-12-20,76.00599670410156,71.5199966430664,96.5500030517578,16614.19921875,-0.002120414162391282,-0.027203483287816743,-0.00020706889437316356,-0.021842546279377872
2021-12-21,75.75869750976562,73.9800033569336,96.48999786376952,16770.849609375,-0.00325368003920401,0.03439606864279221,-0.0006214933826166336,0.00942870544420904
2021-12-22,75.6864013671875,75.29000091552734,96.08000183105467,16955.44921875,-0.0009542949516628818,0.017707454706015202,-0.004249103967166601,0.011007170994593363
2021-12-23,75.45850372314453,76.8499984741211,96.0199966430664,17072.599609375,-0.003011077814855212,0.02071985043995439,-0.0006245335849782707,0.006909306212627531
2021-12-27,75.31500244140625,78.5999984741211,96.08999633789062,17086.25,-0.0019017244532807398,0.02277163350353617,0.0007290116358202869,0.0007995496255592816
2021-12-28,74.98030090332031,78.94000244140625,96.1999969482422,17233.25,-0.004444022136842252,0.004325750303889597,0.0011447665162227505,0.008603409174043453
2021-12-29,74.74500274658203,79.2300033569336,95.93000030517578,17213.599609375,-0.0031381330016490017,0.003673687693924288,-0.0028066180003278873,-0.0011402602889762914
2021-12-30,74.57029724121094,79.31999969482422,95.97000122070312,17203.94921875,-0.0023373536551122287,0.0011358870892026474,0.00041698025018344076,-0.0005606259494814747
2021-12-31,74.43119812011719,77.77999877929688,95.66999816894533,17354.05078125,-0.0018653421836821726,-0.019415039352651875,-0.0031260086270904486,0.008724831757606522
2022-01-03,74.51380157470703,78.9800033569336,96.23999786376952,17625.69921875,0.0011097961160928538,0.015428189720621655,0.005957977482320187,0.015653315812207858
2022-01-04,74.4032974243164,80.0,96.29000091552734,17805.25,-0.00148300245129529,0.012914618887223117,0.0005195662184926952,0.01018687423526421
2022-01-05,74.53489685058594,80.80000305175781,96.19000244140624,17925.25,0.0017687311023197871,0.0100000381469727,-0.0010385135857339245,0.0067395852346920915
2022-01-06,74.43009948730469,81.98999786376953,96.25,17745.900390625,-0.0014060174188116337,0.01472765800824849,0.0006237400672726157,-0.010005417462796928
2022-01-07,74.41929626464844,81.75,95.73999786376952,17812.69921875,-0.0001451458849398568,-0.002927160263722639,-0.005298723493303736,0.003764183651131514
2022-01-10,74.2699966430664,80.87000274658203,95.98999786376952,18003.30078125,-0.002006195020322399,-0.010764492396550085,0.0026112388299375233,0.010700318921871732
2022-01-11,74.05699920654297,83.72000122070312,95.62000274658205,18055.75,-0.002867879980486321,0.03524172594691244,-0.0038545174020377937,0.002913311252602302
2022-01-12,73.81529998779297,84.66999816894531,95.0,18212.349609375,-0.0032636917690374023,0.011347311686460637,-0.006484027701036732,0.008673115731830494
2022-01-13,73.79910278320312,84.47000122070312,94.79000091552734,18257.80078125,-0.0002194288256299748,-0.0023620757360018896,-0.0022105166786595687,0.0024956237305924223
2022-01-14,73.97229766845703,86.05999755859375,95.16999816894533,18255.75,0.002346842694858964,0.018823207232308237,0.004008832680111762,-0.00011232356375068253
2022-01-18,74.25509643554688,87.51000213623047,95.7300033569336,18113.05078125,0.0038230361365458876,0.01684876387138501,0.0058842618342194175,-0.007816672486750775
2022-01-19,74.61969757080078,88.44000244140625,95.51000213623048,17938.400390625,0.0049101159752769075,0.010627360101397532,-0.002298142828668137,-0.00964224043394124
2022-01-20,74.44920349121094,88.37999725341797,95.73999786376952,17757.0,-0.002284840131227761,-0.0006784846939373868,0.0024080800166979,-0.010112406160797005
2022-01-21,74.45220184326172,87.88999938964844,95.63999938964844,17617.150390625,4.027379622861815e-05,-0.0055442167797824515,-0.0010444795942378127,-0.007875745304668613
2022-01-24,74.41320037841797,86.2699966430664,95.91999816894533,17149.099609375,-0.0005238456872753705,-0.01843216245115631,0.002927632591842144,-0.02656790518738339
2022-01-25,74.6447982788086,88.19999694824219,95.9499969482422,17277.94921875,0.003112322803116463,0.02237162837922635,0.0003127479135689448,0.007513491221694313
2022-01-27,74.8949966430664,89.33999633789062,97.26000213623048,17110.150390625,0.0033518526411349114,0.012925163595157718,0.013652998745741884,-0.00971173291462768
2022-01-28,75.20929718017578,90.02999877929688,97.2699966430664,17101.94921875,0.0041965491848174885,0.007723331874747386,0.0001027607096073524,-0.0004793161771092791
2022-01-31,75.03900146484375,91.20999908447266,96.54000091552734,17339.849609375,-0.0022642907421945857,0.013106745764470018,-0.007504839649761563,0.0139107178709299
2022-02-01,74.55580139160156,89.16000366210938,96.38999938964844,17576.849609375,-0.006439319071544047,-0.022475555782702217,-0.0015537758903706456,0.013667938611870323
2022-02-02,74.74549865722656,89.47000122070312,95.94000244140624,17780.0,0.0025443662610320494,0.003476867943708939,-0.004668502449337364,0.011557838585399605
2022-02-03,74.82240295410156,91.11000061035156,95.37999725341795,17560.19921875,0.001028881982949592,0.018330159464320595,-0.005837035373542854,-0.012362248664229525
2022-02-04,74.6438980102539,93.2699966430664,95.4800033569336,17516.30078125,-0.002385715197588012,0.0237075624875962,0.0010485018493964215,-0.0024998826581151823
2022-02-07,74.64219665527344,92.69000244140624,95.4000015258789,17213.599609375,-2.279295462614961e-05,-0.006218443470945356,-0.0008378909535184942,-0.017281112927623465
2022-02-08,74.6583023071289,90.77999877929688,95.63999938964844,17266.75,0.00021577140782502724,-0.020606361115555694,0.002515700837849799,0.0030876976246183574
2022-02-09,74.69519805908203,91.5500030517578,95.48999786376952,17463.80078125,0.0004941948961194598,0.00848209168115277,-0.0015683973947741014,0.01141215233034587
2022-02-10,74.80889892578125,91.41000366210938,95.5500030517578,17605.849609375,0.0015221978072712528,-0.0015292122881664927,0.000628392390100263,0.008133901085124018
2022-02-11,75.53839874267578,94.44000244140624,96.08000183105467,17374.75,0.009751511215507547,0.033147343374988036,0.005546821165560711,-0.01312629691281364
2022-02-14,75.34100341796875,96.4800033569336,96.37000274658205,16842.80078125,-0.002613178568683483,0.0216010256542829,0.0030183275395572196,-0.03061622289529342
2022-02-15,75.6854019165039,93.27999877929688,95.98999786376952,17352.44921875,0.004571196067359784,-0.033167542146512075,-0.003943186385620412,0.03025912638397754
2022-02-16,75.17479705810547,94.80999755859376,95.6999969482422,17322.19921875,-0.006746411401259866,0.016402216973832928,-0.003021157641225125,-0.0017432697608654735
2022-02-17,75.04199981689453,92.97000122070312,95.8000030517578,17304.599609375,-0.001766512799606157,-0.019407197397653064,0.0010449958903309131,-0.001016014719190439
2022-02-18,75.06300354003906,93.54000091552734,96.04000091552734,17276.30078125,0.0002798929025848995,0.0061310066402073815,0.00250519682801964,-0.0016353356196504576
2022-02-22,74.51699829101562,96.83999633789062,96.02999877929688,17092.19921875,-0.007273959517649642,0.035278975732995654,-0.00010414552410575872,-0.010656306858225495
2022-02-23,74.62300109863281,96.83999633789062,96.19000244140624,17063.25,0.0014225319061189623,0.0,0.0016661841522782606,-0.0016937094155936583
2022-02-24,74.63300323486328,99.08000183105467,97.13999938964844,16247.9501953125,0.0001340355665573334,0.023130995227925277,0.009876254539247897,-0.04778103847083648
2022-02-25,75.4083023071289,97.93000030517578,96.62000274658205,16658.400390625,0.010388153211868367,-0.011606797584035267,-0.005353064096496274,0.025261660109649586
2022-02-28,75.06800079345703,100.98999786376952,96.70999908447266,16793.900390625,-0.0045127857710662855,0.031246783917675547,0.000931446236103417,0.008134034290366632
2022-03-02,75.80120086669922,112.93000030517578,97.38999938964844,16605.94921875,0.009767145328134275,0.11822955435163718,0.007031334004892642,-0.011191633122935585
2022-03-03,75.63099670410156,110.45999908447266,97.79000091552734,16498.05078125,-0.002245401928354318,-0.02187196682925996,0.004107213557713818,-0.00649757722841704
2022-03-04,75.8917007446289,118.11000061035156,98.6500015258789,16245.349609375,0.003447052820780838,0.0692558536056902,0.008794361410165541,-0.015317032007332254
2022-03-07,76.41799926757812,123.20999908447266,99.29000091552734,15863.150390625,0.006934862676489351,0.04318007321789907,0.00648757607449757,-0.02352668473994779
2022-03-08,77.08080291748047,127.9800033569336,99.05999755859376,16013.4501953125,0.008673397056386367,0.038714425029665156,-0.0023164805601044725,0.009474776509483585
2022-03-09,76.91449737548828,111.13999938964844,97.97000122070312,16345.349609375,-0.00215754812738822,-0.13158308740091784,-0.01100339556586305,0.020726290088294297
2022-03-10,76.13490295410156,109.33000183105467,98.51000213623048,16594.900390625,-0.010135857972012996,-0.01628574382341008,0.005511900671623549,0.01526738719047449
2022-03-11,76.310302734375,112.66999816894533,99.12000274658205,16630.44921875,0.002303802506705477,0.03054967787389118,0.006192270806247624,0.0021421537513466316
2022-03-14,76.75370025634766,106.9000015258789,99.05999755859376,16871.30078125,0.005810454238611262,-0.051211473656141204,-0.0006053792002175262,0.014482565042708062
2022-03-15,76.49009704589844,99.91000366210938,99.06999969482422,16663.0,-0.0034344039384266445,-0.06538819236665172,0.00010097048735069336,-0.012346456503312231
2022-03-16,76.26589965820312,98.0199966430664,98.37999725341795,16975.349609375,-0.0029310642338548076,-0.018917094883059704,-0.006964797047862681,0.018745100484606647
2022-03-17,76.02420043945312,106.63999938964844,98.01000213623048,17287.05078125,-0.0031691649850484893,0.08794126751474218,-0.0037608774905166786,0.018361988356508263
2022-03-21,75.94640350341797,115.62000274658205,98.5,17117.599609375,-0.0010233180432738243,0.08420858409912269,0.004999467942959912,-0.009802202470463706
2022-03-22,76.30709838867188,115.4800033569336,98.48999786376952,17315.5,0.004749334644104319,-0.0012108578647529455,-0.00010154453025867927,0.011561223252155806
2022-03-23,76.10189819335938,121.5999984741211,98.62000274658205,17245.650390625,-0.002689136392885816,0.0529961459930981,0.0013199805628216765,-0.0040339354552280104
2022-03-24,76.55239868164062,119.02999877929688,98.79000091552734,17222.75,0.0059197010715372755,-0.021134866176590994,0.001723769663463992,-0.0013278937068936791
2022-03-25,76.32350158691406,120.6500015258789,98.80999755859376,17153.0,-0.002990070836035863,0.013610037496394556,0.00020241565827627817,-0.004049875890900112
2022-03-28,76.27850341796875,112.4800033569336,99.08999633789062,17222.0,-0.000589571599962202,-0.06771651940006718,0.0028337089992418463,0.004022619949862971
2022-03-29,76.03410339355469,110.2300033569336,98.4000015258789,17325.30078125,-0.0032040484994162455,-0.020003555590766275,-0.0069633145374118355,0.005998187274997013
2022-03-30,75.66670227050781,113.4499969482422,97.79000091552734,17498.25,-0.004832057019798053,0.02921158934271295,-0.006199193098499478,0.009982465582194733
2022-03-31,75.82779693603516,107.91000366210938,98.30999755859376,17464.75,0.002129003388457784,-0.048832026753251156,0.005317482750773372,-0.001914477162001882
2022-04-01,75.9092025756836,104.38999938964844,98.62999725341795,17670.44921875,0.001073559340212693,-0.032619814224850385,0.003255006639924618,0.011777965258592316
2022-04-04,75.99479675292969,107.52999877929688,98.98999786376952,18053.400390625,0.001127586304977335,0.03007950386059499,0.0036500113593898043,0.021671841339984343
2022-04-05,75.47799682617188,106.63999938964844,99.47000122070312,17957.400390625,-0.006800464621781965,-0.0082767543918153,0.004849008660392062,-0.005317557796472028
2022-04-06,75.45069885253906,101.06999969482422,99.5999984741211,17807.650390625,-0.00036166796656889044,-0.05223180538919714,0.0013068990833682292,-0.008339180323571727
2022-04-07,75.94509887695312,100.58000183105467,99.75,17639.55078125,0.006552623526792312,-0.004848103940329196,0.001506039439527429,-0.00943974110495216
2022-04-08,75.91320037841797,102.77999877929688,99.8000030517578,17784.349609375,-0.00042002050174216876,0.02187310507249296,0.0005012837268951742,0.008208759390795572
2022-04-11,75.91729736328125,98.4800033569336,99.93000030517578,17674.94921875,5.396933396117909e-05,-0.041836889214182715,0.001302577649727743,-0.006151497975913078
2022-04-12,75.83699798583984,104.63999938964844,100.29000091552734,17530.30078125,-0.0010577217607886658,0.06255072931291839,0.0036025278620250845,-0.008183810641252287
2022-04-13,76.1498031616211,108.77999877929688,99.87999725341795,17475.650390625,0.004124704090207487,0.03956421458138881,-0.00408818085917384,-0.0031174816283502382
2022-04-18,76.3313980102539,113.16000366210938,100.77999877929688,17173.650390625,0.0023847054239574117,0.0402647998893535,0.009010828500479517,-0.017281188010147552
2022-04-19,76.28019714355469,107.25,100.95999908447266,16958.650390625,-0.0006707707186541789,-0.05222696598487553,0.001786071714189763,-0.012519178806467801
2022-04-20,76.44539642333984,106.8000030517578,100.38999938964844,17136.55078125,0.002165690257384334,-0.004195775741186014,-0.005645797345415038,0.010490244596548015
2022-04-21,76.27619934082031,108.33000183105467,100.58000183105467,17392.599609375,-0.0022133063655337404,0.014325830857470967,0.001892643117455961,0.014941678252146096
2022-04-22,76.28520202636719,106.6500015258789,101.22000122070312,17171.94921875,0.00011802745318556518,-0.015508172037103862,0.006363087870324913,-0.012686452605167986
2022-04-25,76.4635009765625,102.31999969482422,101.75,16953.94921875,0.002337267850895719,-0.040600110352591035,0.005236107220955688,-0.012695122564301942
2022-04-26,76.52780151367188,104.98999786376952,102.3000030517578,17200.80078125,0.0008409311146906351,0.026094587342735842,0.005405435398111003,0.014560121616207233
2022-04-27,76.79409790039062,105.31999969482422,102.9499969482422,17038.400390625,0.003479733919589778,0.003143173995325599,0.006353801340118759,-0.009441443610115341
2022-04-28,76.47219848632812,107.58999633789062,103.62000274658205,17245.05078125,-0.004191720755415851,0.02155332937375576,0.0065080701136561725,0.012128508890934642
2022-04-29,76.58899688720703,109.33999633789062,102.95999908447266,17102.55078125,0.0015273315425838874,0.01626545273320823,-0.006369461924485065,-0.008263240381694681
2022-05-02,76.52310180664062,107.58000183105467,103.73999786376952,17069.099609375,-0.0008603726807318024,-0.016096529776689295,0.007575745787030463,-0.0019559171203674675
2022-05-04,76.46730041503906,110.13999938964844,102.58999633789062,16677.599609375,-0.0007292097456080837,0.02379622155625194,-0.011085420759204823,-0.022936183451936376
2022-05-05,76.00160217285156,110.9000015258789,103.75,16682.650390625,-0.0060901619340534285,0.006900328131851152,0.011307181046081638,0.00030284821366977077
2022-05-06,76.54180145263672,112.38999938964844,103.66000366210938,16411.25,0.007107735420584627,0.013435508054721046,-0.0008674345820782747,-0.0162684216398562
2022-05-09,76.9574966430664,105.94000244140624,103.6500015258789,16301.849609375,0.00543095645177516,-0.057389420618114806,-9.648983095811303e-05,-0.006666182687180999
2022-05-10,77.3655014038086,102.45999908447266,103.91999816894533,16240.0498046875,0.005301689614912286,-0.032848813259734544,0.0026048879796591873,-0.003790968888092272
2022-05-11,77.27140045166016,107.51000213623048,103.8499984741211,16167.099609375,-0.0012163167101739703,0.04928755706501975,-0.0006735921483604912,-0.0044919933245182175
2022-05-12,77.41840362548828,107.4499969482422,104.8499984741211,15808.0,0.0019024266801024314,-0.000558135864533349,0.009629273131373184,-0.022211752141785834
2022-05-13,77.44380187988281,111.5500030517578,104.55999755859376,15782.150390625,0.000328064816699003,0.03815734034399765,-0.0027658647567735395,-0.0016352232651188903
2022-05-16,77.48629760742188,114.23999786376952,104.19000244140624,15842.2998046875,0.0005487298725981304,0.024114699582424848,-0.003538591486483056,0.0038112305721171857
2022-05-17,77.8053970336914,111.93000030517578,103.36000061035156,16259.2998046875,0.004118140059887976,-0.020220567242555387,-0.007966232955234354,0.026321935902047233
2022-05-18,77.37239837646484,109.11000061035156,103.80999755859376,16240.2998046875,-0.0055651493821060605,-0.025194315082064933,0.004353685619049141,-0.0011685620062508173
2022-05-19,77.81999969482422,112.04000091552734,102.72000122070312,15809.400390625,0.005785025768252794,0.02685363659413098,-0.01049991680498219,-0.026532725334179386
2022-05-20,77.42109680175781,112.5500030517578,103.1500015258789,16266.150390625,-0.0051259688335997255,0.0045519647631471205,0.0041861399928520004,0.028891038794289337
2022-05-23,77.81839752197266,113.41999816894533,102.08000183105467,16214.7001953125,0.005131685504690786,0.007729854230101196,-0.010373239738205808,-0.0031630222318707046
2022-05-24,77.52680206298828,113.55999755859376,101.86000061035156,16125.150390625,-0.003747127520867255,0.0012343448413736358,-0.002155184333433091,-0.005522754266735541
2022-05-25,77.47879791259766,114.02999877929688,102.05999755859376,16025.7998046875,-0.0006191942542866924,0.0041387920993976035,0.001963449313212351,-0.006161219184365629
2022-05-26,77.49729919433594,117.4000015258789,101.83000183105467,16170.150390625,0.00023879154345096687,0.02955365064157034,-0.0022535345193109846,0.009007387318995308
2022-05-27,77.63020324707031,119.43000030517578,101.66999816894533,16352.4501953125,0.0017149507675242592,0.017291301132133174,-0.0015712821293552004,0.011273847198922216
2022-05-31,77.5208969116211,122.83999633789062,101.75,16584.55078125,-0.0014080387642595449,0.02855225675292128,0.0007868774711861093,0.014193627448199297
2022-06-01,77.5989990234375,116.29000091552734,102.5500030517578,16522.75,0.0010074975255438545,-0.05332135800742366,0.007862437855113535,-0.0037264067061659745
2022-06-02,77.58409881591797,117.61000061035156,101.7699966430664,16628.0,-0.0001920154603415325,0.011350930298668294,-0.007606108098287545,0.006370004993115463
2022-06-03,77.3604965209961,119.72000122070312,102.13999938964844,16584.30078125,-0.00288206344256714,0.017940656401678856,0.0036356761205340593,-0.002628050201467391
2022-06-06,77.69419860839844,119.51000213623048,102.44000244140624,16569.55078125,0.004313598055976531,-0.0017540852182711397,0.0029371749907041167,-0.0008893953501298846
2022-06-07,77.82099914550781,120.56999969482422,102.31999969482422,16416.349609375,0.0016320463996093437,0.00886953007820579,-0.001171444198770466,-0.009245946006475991
2022-06-08,77.67060089111328,123.58000183105467,102.54000091552734,16356.25,-0.0019326178800830318,0.024964768548138894,0.0021501292157866114,-0.0036609606157923524
2022-06-09,77.72429656982422,123.06999969482422,103.22000122070312,16478.099609375,0.0006913256508238597,-0.004126898597458184,0.006631561333181324,0.00744972774168895
2022-06-10,77.8187026977539,122.01000213623048,104.1500015258789,16201.7998046875,0.0012146282706446687,-0.008612964664192813,0.009009884655855283,-0.016767698414100085
2022-06-13,78.17759704589844,122.2699966430664,105.08000183105467,15774.400390625,0.004611929211136623,0.002130927811521799,0.008929431507926466,-0.026379749115209128
2022-06-14,78.16059875488281,121.16999816894533,105.5199966430664,15732.099609375,-0.0002174317407791504,-0.008996470960347058,0.004187236432667163,-0.00268160945598539
2022-06-15,77.9854965209961,118.51000213623048,105.16000366210938,15692.150390625,-0.002240287775121197,-0.021952596128672508,-0.003411609101682922,-0.0025393443813560568
2022-06-16,77.90019989013672,119.80999755859376,103.62999725341795,15360.599609375,-0.0010937499235695869,0.010969499611255706,-0.014549318708731662,-0.021128447854290244
2022-06-17,77.97769927978516,113.12000274658205,104.6999969482422,15293.5,0.0009948548239637756,-0.05583836865316638,0.010325192735532562,-0.00436829362663993
2022-06-21,77.93399810791016,114.6500015258789,104.44000244140624,15638.7998046875,-0.0005604316654457264,0.013525448569201792,-0.002483233184471745,0.022578206734070072
2022-06-22,78.13490295410156,111.73999786376952,104.1999969482422,15413.2998046875,0.002577884505722716,-0.025381627766071557,-0.00229802266903123,-0.014419265085317434
2022-06-23,78.19309997558594,110.0500030517578,104.43000030517578,15556.650390625,0.0007448274623000906,-0.015124349779137458,0.0022073259469270745,0.009300447519609234
2022-06-24,78.14240264892578,113.12000274658205,104.19000244140624,15699.25,-0.0006483606184687352,0.027896407175748816,-0.0022981697124216938,0.009166472588529428
2022-06-27,78.2522964477539,115.08999633789062,103.94000244140624,15832.0498046875,0.0014063273600870563,0.017415077293817527,-0.0023994624641706652,0.008458990377725017
2022-06-28,78.44110107421875,117.9800033569336,104.51000213623048,15850.2001953125,0.002412767867980836,0.02511084465202562,0.005483929973405299,0.0011464333961117568
2022-06-29,79.07319641113281,116.26000213623048,105.11000061035156,15799.099609375,0.008058216015045305,-0.014578752091568115,0.005741062691195564,-0.0032239710103227903
2022-06-30,78.89830017089844,114.80999755859376,104.69000244140624,15780.25,-0.002211827119331544,-0.012472084560411711,-0.003995796465669166,-0.001193081241402827
2022-07-01,78.96299743652344,111.62999725341795,105.13999938964844,15752.0498046875,0.0008200083586700213,-0.02769793896696915,0.004298375563550616,-0.0017870563085186086
2022-07-05,78.93949890136719,102.7699966430664,106.5,15810.849609375,-0.0002975891989807078,-0.07936935257857192,0.012935139987127142,0.003732835117751021
2022-07-06,79.36840057373047,100.69000244140624,107.0999984741211,15989.7998046875,0.00543329611072374,-0.02023931370635601,0.0056337884893999934,0.011318189707300252
2022-07-07,79.04389953613281,104.6500015258789,107.12999725341795,16132.900390625,-0.004088541979577975,0.03932862239006374,0.00028010065102024306,0.00894949203151052
2022-07-08,79.22160339355469,107.0199966430664,107.01000213623048,16220.599609375,0.0022481666322731186,0.022646871310378458,-0.0011200888664603115,0.005436047866567373
2022-07-11,79.3313980102539,107.0999984741211,108.0199966430664,16216.0,0.0013859176284753971,0.0007475409602328842,0.009438318724170669,-0.00028356592763323363
2022-07-12,79.47779846191406,99.48999786376952,108.06999969482422,16058.2998046875,0.0018454288633769078,-0.07105509541338051,0.0004629055111253777,-0.0097249750439381
2022-07-13,79.47640228271484,99.56999969482422,107.95999908447266,15966.650390625,-1.7566908321997587e-05,0.00080411933634017,-0.001017864445842398,-0.005707292501522909
2022-07-14,79.80750274658203,99.0999984741211,108.54000091552734,15938.650390625,0.004166022295390093,-0.004720309552512347,0.005372377139433615,-0.0017536552323109689
2022-07-15,79.87830352783203,101.16000366210938,108.05999755859376,16049.2001953125,0.0008871444264435535,0.020787136424893493,-0.00442236367131732,0.0069359576863876615
2022-07-18,79.72049713134766,106.2699966430664,107.37000274658205,16278.5,-0.0019755852279635944,0.0505139659546201,-0.006385293610964404,0.014287304158276504
2022-07-19,80.0302963256836,107.3499984741211,106.68000030517578,16340.5498046875,0.003886067015180794,0.010162810437287728,-0.006426398656567356,0.003811764271124396
2022-07-20,79.85590362548828,106.91999816894533,107.08000183105467,16520.849609375,-0.002179083524639469,-0.004005592093971222,0.003749545601186899,0.01103388850696918
2022-07-21,80.00340270996094,103.86000061035156,106.91000366210938,16605.25,0.0018470654989317659,-0.028619506275698092,-0.001587580930503818,0.005108719746296009
2022-07-22,79.7759017944336,103.1999969482422,106.7300033569336,16719.44921875,-0.002843640493043864,-0.006354743483831471,-0.001683661949396953,0.006877295960614926
2022-07-25,79.87680053710938,105.1500015258789,106.4800033569336,16631.0,0.0012647772122436063,0.01889539375291549,-0.0023423591505373764,-0.005290199311757782
2022-07-26,79.72250366210938,104.4000015258789,107.19000244140624,16483.849609375,-0.001931685720540588,-0.0071326675141836215,0.006667910049670489,-0.00884795806776506
2022-07-27,79.84120178222656,106.62000274658205,106.4499969482422,16641.80078125,0.0014888910240484776,0.021264379197857064,-0.006903680159616954,0.0095821774414373
2022-07-28,79.84739685058594,107.13999938964844,106.3499984741211,16929.599609375,7.759237362514604e-05,0.0048771021353501975,-0.0009393938655510858,0.017293731123692924
2022-07-29,79.57150268554688,110.01000213623048,105.9000015258789,17158.25,-0.00345526812295871,0.026787406784877454,-0.004231283071919223,0.013505953826479233
2022-08-01,79.1948013305664,100.02999877929688,105.4499969482422,17340.05078125,-0.004734123929632572,-0.09071905429630756,-0.0042493349495064114,0.010595531668439406
2022-08-02,78.95570373535156,100.54000091552734,106.23999786376952,17345.44921875,-0.0030191072039795763,0.005098491876978972,0.007491711127455725,0.000311327663805816
2022-08-03,78.60449981689453,96.77999877929688,106.51000213623048,17388.150390625,-0.004448113332435333,-0.03739807143417062,0.002541455928935399,0.002461808358865669
2022-08-04,79.11830139160156,94.12000274658205,105.69000244140624,17382.0,0.006536541494493342,-0.027484976919465054,-0.007698804604054366,-0.0003537116074355806
2022-08-05,79.15489959716797,94.91999816894533,106.62000274658205,17397.5,0.00046257572423424875,0.008499738621101205,0.008799321446618436,0.0008917270739845495
2022-08-08,79.41059875488281,96.6500015258789,106.44000244140624,17525.099609375,0.003230364248026918,0.018225910138076395,-0.0016882414231750298,0.007334364671648164
2022-08-10,79.57839965820312,97.4000015258789,105.1999969482422,17534.75,0.0021130794371448935,0.007759958491042385,-0.011649807071797413,0.0005506610997998429
2022-08-11,79.0978012084961,99.5999984741211,105.08999633789062,17659.0,-0.006039307799242555,0.022587237307770014,-0.0010456332085797548,0.007085929368824795
2022-08-12,79.61399841308594,98.1500015258789,105.62999725341795,17698.150390625,0.006526062630100027,-0.014558202514620922,0.005138461645683989,0.0022170219505635025
2022-08-16,79.55290222167969,92.33999633789062,106.5,17825.25,-0.0007674051375895496,-0.05919516146371506,0.008236322722747103,0.007181519343531395
2022-08-17,79.14600372314453,93.6500015258789,106.56999969482422,17944.25,-0.005114816520474741,0.01418675806737868,0.0006572741298047635,0.006675923198833145
2022-08-18,79.35970306396484,96.58999633789062,107.4800033569336,17956.5,0.0027000648266188865,0.031393430476339024,0.00853902284616015,0.0006826699360520383
2022-08-19,79.7667007446289,96.72000122070312,108.16999816894533,17758.44921875,0.005128518189338793,0.0013459456231650346,0.0064197505625331885,-0.011029475746944017
2022-08-22,79.91790008544922,96.4800033569336,109.0500030517578,17490.69921875,0.001895519551502689,-0.0024813674600963065,0.008135387794294235,-0.0150773300473388
2022-08-23,79.88379669189453,100.22000122070312,108.62000274658205,17577.5,-0.0004267303510004927,0.038764487288968974,-0.0039431480343165015,0.00496268217550444
2022-08-24,79.85449981689453,101.22000122070312,108.68000030517578,17604.94921875,-0.0003667436478137498,0.009978048172218701,0.0005523619690355197,0.001561611079505143
2022-08-25,79.79679870605469,99.33999633789062,108.47000122070312,17522.44921875,-0.0007225780760277134,-0.018573452481128516,-0.0019322698185771925,-0.004686182219266755
2022-08-26,79.88289642333984,100.98999786376952,108.8000030517578,17558.900390625,0.0010789620471156613,0.01660963948767069,0.003042332694209282,0.002080255529346653
2022-08-29,79.95909881591797,105.08999633789062,108.83999633789062,17312.900390625,0.0009539262594371323,0.040598064767283226,0.0003675853401750029,-0.014009988924553851
2022-08-30,79.96790313720703,99.30999755859376,108.7699966430664,17759.30078125,0.00011011031163987717,-0.05500046608349585,-0.0006431431199878102,0.02578426378902554
2022-09-01,79.54879760742188,92.36000061035156,109.69000244140624,17542.80078125,-0.005240921836678236,-0.06998285287583095,0.008458268150534742,-0.012190795272107646
2022-09-02,79.716796875,93.0199966430664,109.52999877929688,17539.44921875,0.0021119020353672635,0.007145907626172843,-0.0014586895664883137,-0.0001910505934481499
2022-09-06,79.78299713134766,92.83000183105467,110.20999908447266,17655.599609375,0.000830443005022774,-0.0020425157908871006,0.006208347601153408,0.006622237059806579
2022-09-07,79.89510345458984,88.0,109.83999633789062,17624.400390625,0.0014051405346131585,-0.05203061225663874,-0.003357252061116811,-0.0017671004916441913
2022-09-08,79.6498031616211,89.1500015258789,109.70999908447266,17798.75,-0.0030702794334345196,0.013068199157714844,-0.001183514728260504,0.009892512965589573
2022-09-09,79.706298828125,92.83999633789062,109.0,17833.349609375,0.0007093007673761864,0.04139085528720465,-0.006471598672842749,0.0019439347917691308
2022-09-12,79.65579986572266,94.0,108.33000183105467,17936.349609375,-0.000633563007501281,0.01249465432858865,-0.006146772192158978,0.005775695663245095
2022-09-13,79.35530090332031,93.16999816894533,109.81999969482422,18070.05078125,-0.0037724680802766475,-0.008829806713347543,0.013754249409995145,0.007454201929980142
2022-09-14,79.60240173339844,94.0999984741211,109.66000366210938,18003.75,0.0031138541126467523,0.009981757255048906,-0.001456893399740089,-0.0036690976717561608
2022-09-15,79.45369720458984,90.83999633789062,109.73999786376952,17877.400390625,-0.0018680909818101776,-0.03464401901267855,0.0007294747308839167,-0.007017960667916379
2022-09-16,79.8490982055664,91.3499984741211,109.76000213623048,17530.849609375,0.004976495932699221,0.005614290585541859,0.00018228788819363295,-0.019384853148544656
2022-09-19,79.68949890136719,92.0,109.73999786376952,17622.25,-0.001998761511223801,0.007115506696620866,-0.00018225466537558077,0.0052136885924867205
2022-09-20,79.7074966430664,90.62000274658205,110.22000122070312,17816.25,0.00022584834824335154,-0.014999970145847308,0.004374005524671931,0.011008809885230342
2022-09-21,79.76270294189453,89.83000183105469,110.63999938964844,17718.349609375,0.0006926111238361177,-0.008717732195799965,0.0038105440418596537,-0.005495005437451739
2022-09-22,80.05069732666016,90.45999908447266,111.3499984741211,17629.80078125,0.0036106397369133347,0.007013216526509991,0.00641720072658547,-0.004997577656902563
2022-09-23,81.06220245361328,86.1500015258789,113.19000244140624,17327.349609375,0.012635806566750007,-0.04764534161192091,0.016524508239780245,-0.017155677232420508
2022-09-26,81.25479888916016,84.05999755859375,114.0999984741211,17016.30078125,0.0023759092365778223,-0.024260057228871146,0.00803954424496034,-0.017951321762256445
2022-09-27,81.61579895019531,86.2699966430664,114.11000061035156,17007.400390625,0.004442815267164724,0.02629073457838471,8.766114254354918e-05,-0.0005230508522044985
2022-09-28,81.72460174560547,89.31999969482422,112.5999984741211,16858.599609375,0.0013331094813706645,0.035354157533781905,-0.013232864149976042,-0.00874917846539458
2022-09-29,81.42870330810547,88.48999786376953,112.25,16818.099609375,-0.0036206776317011524,-0.009292452237914417,-0.003108334625790743,-0.0024023347691036756
2022-09-30,81.48059844970703,87.95999908447266,112.12000274658205,17094.349609375,0.000637307724343783,-0.005989363680546256,-0.001158104707509655,0.01642575596626905
2022-10-03,81.52130126953125,88.86000061035156,111.75,16887.349609375,0.0004995400205527467,0.010231941055554028,-0.003300060092027879,-0.012109264448790458
2022-10-04,81.49500274658203,91.8000030517578,110.06999969482422,17274.30078125,-0.0003225969475422197,0.03308578011717622,-0.015033559777859362,0.02291367093271912
2022-10-06,81.6488037109375,94.41999816894533,112.26000213623048,17331.80078125,0.0018872441152462116,0.028540250872435724,0.019896451780486712,0.0033286441360573793
2022-10-07,82.3489990234375,97.91999816894533,112.8000030517578,17314.650390625,0.008575695915630455,0.03706841842696784,0.004810269955918933,-0.0009895331040011834
2022-10-10,82.8322982788086,96.19000244140624,113.13999938964844,17241.0,0.005868914754307397,-0.017667440358345,0.0030141518501078934,-0.00425364584114718
2022-10-11,82.42070007324219,94.29000091552734,113.22000122070312,16983.55078125,-0.004969054512781845,-0.01975258839437366,0.000707104750629961,-0.014932383199930399
2022-10-12,82.2739028930664,92.4499969482422,113.31999969482422,17123.599609375,-0.0017810717458761616,-0.019514306389004754,0.0008832226907167229,0.008246145339619648
2022-10-13,82.19999694824219,94.56999969482422,112.36000061035156,17014.349609375,-0.0008982914657673646,0.022931344689701705,-0.008471576836021621,-0.006380083772817624
2022-10-14,82.19210052490234,91.62999725341795,113.30999755859376,17185.69921875,-9.606354784674753e-05,-0.03108810881773927,0.008454938973671444,0.010070888003887335
2022-10-17,82.41280364990234,91.62000274658205,112.04000091552734,17311.80078125,0.002685210909449065,-0.00010907461677933661,-0.0112081605368467,0.007337586960815656
2022-10-18,82.1947021484375,90.02999877929688,112.12999725341795,17486.94921875,-0.0026464516653427195,-0.01735433223772187,0.0008032518489398122,0.010117285874136073
2022-10-19,82.2863998413086,92.41000366210938,112.9800033569336,17512.25,0.0011156156111558069,0.026435687160753396,0.007580541552985043,0.0014468379208691928
2022-10-20,82.99700164794922,92.37999725341795,112.87999725341795,17563.94921875,0.008635713896962827,-0.00032470952821450627,-0.0008851664059497111,0.0029521745492440132
2022-10-21,82.82569885253906,93.5,112.01000213623048,17576.30078125,-0.0020639636614437906,0.012123866420017837,-0.007707256718250233,0.0007032337856462956
2022-10-24,82.54129791259766,93.26000213623048,111.98999786376952,17730.75,-0.0034337282254357504,-0.0025668220724012203,-0.0001785936262784782,0.008787356376761757
2022-10-25,82.7614974975586,93.5199966430664,110.9499969482422,17656.349609375,0.002667750453767992,0.0027878458168608677,-0.009286551793602382,-0.004196122026705051
2022-10-27,82.04959869384766,96.95999908447266,110.58999633789062,17736.94921875,-0.008601811533581083,0.03678360313180451,-0.0032447104123807247,0.004564907874966551
2022-10-28,82.44249725341797,95.7699966430664,110.66999816894533,17786.80078125,0.004788549436254286,-0.012273127605637701,0.0007234092929189195,0.002810605244745412
2022-10-31,82.23919677734375,94.83000183105467,111.52999877929688,18012.19921875,-0.002465966981195389,-0.009815128380082139,0.0077708559192231075,0.012672230395564199
2022-11-01,82.72899627685547,94.6500015258789,111.4800033569336,18145.400390625,0.005955791383004616,-0.0018981366835407742,-0.000448268832695109,0.007395053222392978
2022-11-02,82.68450164794922,96.16000366210938,111.3499984741211,18082.849609375,-0.0005378359572664193,0.015953535255016416,-0.0011661722183148315,-0.003447197631545107
2022-11-03,82.88839721679688,94.66999816894533,112.93000030517578,18052.69921875,0.002465946637929761,-0.015495064854611384,0.014189509229511899,-0.0016673473084335422
2022-11-04,82.68180084228516,98.56999969482422,110.87999725341795,18117.150390625,-0.0024924643430052074,0.04119574945928561,-0.018152865015655828,0.003570168155688336
2022-11-07,81.9749984741211,97.91999816894533,110.12000274658205,18202.80078125,-0.00854846363968631,-0.006594313968665055,-0.006854207482517638,0.004727586225111935
2022-11-09,81.40519714355469,92.6500015258789,110.5500030517578,18157.0,-0.006950916025284082,-0.053819411168430364,0.00390483376726114,-0.002516139235956394
2022-11-10,81.34380340576172,93.66999816894533,108.20999908447266,18028.19921875,-0.0007541746712400599,0.011009137898195354,-0.02116692811116061,-0.007093725904609771
2022-11-11,80.48290252685547,95.98999786376952,106.29000091552734,18349.69921875,-0.010583484455624403,0.024767799083755593,-0.017743260190275834,0.017833173247033374
2022-11-14,80.49700164794922,93.13999938964844,106.66000366210938,18329.150390625,0.00017518156839635424,-0.029690577534607687,0.003481068241556251,-0.0011198455015547504
2022-11-15,80.99199676513672,93.86000061035156,106.4000015258789,18403.400390625,0.00614923670514278,0.007730311632180964,-0.0024376722979884136,0.004050924260950772
2022-11-16,81.07140350341797,92.86000061035156,106.27999877929688,18409.650390625,0.000980426973686166,-0.0106541657095377,-0.0011278453464387272,0.0003396111515991951
2022-11-17,81.49530029296875,89.77999877929688,106.69000244140624,18343.900390625,0.0052286844834616986,-0.03316822970935174,0.0038577687882814793,-0.00357149639481924
2022-11-18,81.52490234375,87.62000274658203,106.93000030517578,18307.650390625,0.00036323629307255523,-0.024058766563638367,0.002249487845886522,-0.00197613371355454
2022-11-21,81.5198974609375,87.44999694824219,107.83999633789062,18159.94921875,-6.139084707390552e-05,-0.0019402624173791017,0.008510203218158985,-0.008067729540576885
2022-11-22,81.72769927978516,88.36000061035156,107.22000122070312,18244.19921875,0.0025490932314682357,0.010405988494750495,-0.005749213077167581,0.00463933015368867
2022-11-23,81.71499633789062,85.41000366210938,106.08000183105467,18267.25,-0.00015543006846485685,-0.033386112809698054,-0.01063233889824211,0.0012634580983039712
2022-11-25,81.65540313720703,83.62999725341797,105.95999908447266,18512.75,-0.000729281078801991,-0.020840725118491887,-0.0011312475915407072,0.013439351845515812
2022-11-28,81.6697006225586,83.19000244140625,106.68000030517578,18562.75,0.0001750953984946957,-0.0052612080170041375,0.006795028566668249,0.0027008413120686026
2022-11-29,81.65029907226562,83.02999877929688,106.81999969482422,18618.05078125,-0.00023756117807549604,-0.0019233520544980065,0.0013123302329203224,0.00297912654375021
2022-11-30,81.63089752197266,85.43000030517578,105.9499969482422,18758.349609375,-0.00023761762679885834,0.028905233784940476,-0.008144567956071325,0.007535634625419174
2022-12-01,81.3052978515625,86.87999725341797,104.7300033569336,18812.5,-0.003988681740544564,0.016972924535437972,-0.011514805346380386,0.002886735334004964
2022-12-02,81.16220092773438,85.56999969482422,104.5500030517578,18696.099609375,-0.0017599950754669802,-0.015078241252386881,-0.0017187081008899208,-0.006187396179402005
2022-12-05,81.42250061035156,82.68000030517578,105.29000091552734,18701.05078125,0.0032071540648455077,-0.03377351174424792,0.00707793249325106,0.00026482378562620035
2022-12-06,81.89900207519531,79.3499984741211,105.58000183105467,18642.75,0.005852208680301452,-0.04027578397149845,0.002754306325440936,-0.0031175136590962937
2022-12-07,82.37220001220703,77.16999816894531,105.0999984741211,18560.5,0.005777822989555537,-0.027473224286031384,-0.004546347306392917,-0.004411902750398933
2022-12-08,82.25350189208984,76.1500015258789,104.7699966430664,18609.349609375,-0.0014409973279770893,-0.013217528408298818,-0.003139884261139536,0.002631912360927746
2022-12-09,82.2791976928711,76.0999984741211,104.80999755859376,18496.599609375,0.0003123976510441828,-0.0006566388805759882,0.00038179743064836735,-0.006058782405979346
2022-12-12,82.41300201416016,77.98999786376953,105.12999725341795,18497.150390625,0.0016262229705803488,0.024835734921744512,0.0030531409434038093,2.977743269738653e-05
2022-12-13,82.64469909667969,80.68000030517578,103.9800033569336,18608.0,0.0028114141804920223,0.03449163373622688,-0.010938779858542969,0.0059927938646799905
2022-12-14,82.40249633789062,82.69999694824219,103.7699966430664,18660.30078125,-0.002930650863713913,0.025037142233833354,-0.0020196836611583446,0.002810661073194387
2022-12-15,82.50800323486328,81.20999908447266,104.55999755859376,18414.900390625,0.001280384717230243,-0.018016903491569036,0.0076129993358744485,-0.013150934355333654
2022-12-16,82.85790252685547,79.04000091552734,104.6999969482422,18269.0,0.004240792144686534,-0.026720824940388632,0.0013389383408313194,-0.00792295301794177
2022-12-19,82.72599792480469,79.80000305175781,104.72000122070312,18420.44921875,-0.0015919374981526735,0.0096154115312157,0.0001910627797898634,0.008289956688926514
2022-12-20,82.58190155029297,79.98999786376953,103.97000122070312,18385.30078125,-0.0017418511486884114,0.002380887277516619,-0.007161955607881798,-0.0019081205394395617
2022-12-21,82.63690185546875,82.19999694824219,104.16000366210938,18199.099609375,0.0006660091877672691,0.027628442849023438,0.0018274736864041241,-0.01012771964355863
2022-12-22,82.87860107421875,80.9800033569336,104.43000030517578,18127.349609375,0.0029248339824348157,-0.014841771734818598,0.0025921335788567923,-0.003942502735851727
2022-12-23,82.8749008178711,83.91999816894531,104.30999755859376,17806.80078125,-4.464670372927859e-05,0.03630519498811546,-0.001149121384959595,-0.01768316025411787
2022-12-27,82.90290069580078,84.33000183105469,104.18000030517578,18132.30078125,0.00033785715160283836,0.004885649083117949,-0.0012462588098993699,0.0182795328593075
2022-12-28,82.7761001586914,83.26000213623047,104.45999908447266,18122.5,-0.001529506640239875,-0.012688244653045744,0.0026876442549113033,-0.0005405150382313817
2022-12-29,82.85199737548828,82.26000213623047,103.83999633789062,18191.0,0.0009168977114333288,-0.012010568992825599,-0.005935312579130492,0.00377983170092433
2022-12-30,82.83509826660156,85.91000366210938,103.5199966430664,18105.30078125,-0.0002039674289339155,0.044371522381365214,-0.0030816612683898237,-0.00471107793689185
2023-01-03,82.70600128173828,82.0999984741211,104.5199966430664,18232.55078125,-0.0015584817011720098,-0.04434879554857574,0.009659969401351276,0.007028328418149377
2023-01-04,82.78569793701172,77.83999633789062,104.25,18042.94921875,0.0009636139341564487,-0.05188796851894306,-0.0025832056232114597,-0.010399069487028845
2023-01-05,82.66649627685547,78.69000244140625,105.04000091552734,17992.150390625,-0.0014398822879641004,0.010919914484911919,0.007577946431917004,-0.0028154392892826285
2023-01-06,82.64520263671875,78.56999969482422,103.87999725341795,17859.44921875,-0.00025758488741800534,-0.0015250062632974348,-0.01104344680120728,-0.007375503705446151
2023-01-09,82.27339935302734,79.6500015258789,103.0,18101.19921875,-0.004498788457519165,0.013745727825500209,-0.008471286837553271,0.013536251708490266
2023-01-10,82.18009948730469,80.0999984741211,103.23999786376952,17914.150390625,-0.001134022253320488,0.00564967909129277,0.002330076347276888,-0.010333504750958511
2023-01-11,81.63739776611328,82.66999816894531,103.19000244140624,17895.69921875,-0.0066038094937478364,0.03208489068391862,-0.0004842640778552898,-0.0010299775022909463
2023-01-12,81.63179779052734,84.02999877929688,102.25,17858.19921875,-6.859571396411468e-05,0.01645095730584445,-0.009109433270340195,-0.00209547554088918
2023-01-13,81.1156005859375,85.27999877929688,102.1999969482422,17956.599609375,-0.006323482007764225,0.014875639868603407,-0.0004890274010542761,0.005510095918388247
2023-01-17,81.65260314941406,85.91999816894531,102.38999938964844,18053.30078125,0.006620213122969343,0.007504683381911681,0.0018591237483349676,0.005385271932248914
2023-01-18,81.52549743652344,84.9800033569336,102.36000061035156,18165.349609375,-0.0015566645518703126,-0.010940349534963922,-0.000292985442676974,0.006206556323560042
2023-01-19,81.43599700927734,86.16000366210938,102.05999755859376,18107.849609375,-0.0010978212959176226,0.013885623188546248,-0.0029308621528814083,-0.003165367099256078
2023-01-20,81.23979949951172,87.62999725341797,102.01000213623048,18027.650390625,-0.0024092234020696157,0.017061206230601034,-0.0004898630566259055,-0.004428975305189153
2023-01-23,80.97599792480469,88.19000244140625,102.13999938964844,18118.55078125,-0.003247196279806408,0.006390564938268728,0.001274357912906865,0.005042276095628795
2023-01-24,81.48799896240234,86.12999725341797,101.91999816894533,18118.30078125,0.006322874070327611,-0.02335871562490266,-0.0021539183671211992,-1.3798013043020418e-05
2023-01-25,81.60189819335938,86.12000274658203,101.63999938964844,17891.94921875,0.001397742396516355,-0.0001160397904870214,-0.0027472408195372555,-0.01249297962501228
2023-01-27,81.44509887695312,86.66000366210938,101.93000030517578,17604.349609375,-0.0019215155514483717,0.006270330913903388,0.0028532164233452395,-0.016074246906178757
2023-01-30,81.50800323486328,84.9000015258789,102.27999877929688,17648.94921875,0.0007723528951102399,-0.020309278350515436,0.003433714049575265,0.0025334426073457816
2023-01-31,81.57990264892578,84.48999786376953,102.0999984741211,17662.150390625,0.0008821147765738502,-0.004829253883869455,-0.0017598778580765195,0.0007479862801675896
2023-02-01,81.76840209960938,82.83999633789062,101.22000122070312,17616.30078125,0.0023106113707291875,-0.01952895688954026,-0.00861897420734059,-0.0025959245256645946
2023-02-02,81.71029663085938,82.16999816894531,101.75,17610.400390625,-0.0007106103000424913,-0.008087858505117507,0.005236107220955688,-0.0003349392530399564
2023-02-03,82.0458984375,79.94000244140625,102.91999816894533,17854.05078125,0.004107215620043236,-0.027138807073526894,0.011498753503148107,0.013835596307890219
2023-02-06,82.22599792480469,80.98999786376953,103.62000274658205,17764.599609375,0.0021951065285961135,0.013134793473804196,0.0068014437435923725,-0.005010133160870178
2023-02-07,82.75499725341797,83.69000244140625,103.43000030517578,17721.5,0.006433480188310359,0.03333750646812339,-0.001833646365277053,-0.0024261514654264627
2023-02-08,82.74189758300781,85.08999633789062,103.41000366210938,17871.69921875,-0.00015829461476557505,0.01672832901952126,-0.0001933350382616883,0.008475536424681795
2023-02-09,82.65950012207031,84.5,103.22000122070312,17893.44921875,-0.0009958372160226991,-0.006933792023538943,-0.0018373700287941386,0.0012170079483646568
2023-02-10,82.533203125,86.38999938964844,103.62999725341795,17856.5,-0.0015279187133214744,0.02236685668222993,0.003972059948325057,-0.0020649578680046465
2023-02-13,82.51300048828125,86.61000061035156,103.3499984741211,17770.900390625,-0.00024478192962107403,0.002546605188765483,-0.0027019085855242153,-0.00479375070002519
2023-02-14,82.59739685058594,85.58000183105469,103.2300033569336,17929.849609375,0.0010228250312709353,-0.011892377000789156,-0.0011610558196335496,0.0089443537049958
2023-02-15,82.86759948730469,85.37999725341797,103.91999816894533,18015.849609375,0.003271321458320653,-0.0023370480644713254,0.0066840529843437135,0.004796470794436125
2023-02-16,82.73770141601562,85.13999938964844,103.86000061035156,18035.849609375,-0.0015675375187977902,-0.0028109378249004946,-0.0005773437225838896,0.0011101336008929596
2023-02-17,82.69529724121094,83.0,103.86000061035156,17944.19921875,-0.0005125133292194217,-0.02513506465808857,0.0,-0.005081567689351307
2023-02-21,82.69750213623047,83.05000305175781,104.18000030517578,17826.69921875,2.666288281294449e-05,0.0006024464067206914,0.0030810677156141164,-0.006548077100995586
2023-02-22,82.86119842529297,80.5999984741211,104.58999633789062,17554.30078125,0.0019794586877948106,-0.029500355058504235,0.0039354581638879615,-0.015280363131582653
2023-02-23,82.83529663085938,82.20999908447266,104.5999984741211,17511.25,-0.00031259256353799447,0.01997519405497883,9.563186328209738e-05,-0.002452434977984641
2023-02-24,82.6178970336914,83.16000366210938,105.20999908447266,17465.80078125,-0.002624480215683511,0.01155582761484486,0.005831745881932138,-0.002595429723749043
2023-02-27,82.91799926757812,82.44999694824219,104.66999816894533,17392.69921875,0.0036324119187436388,-0.008537838896112149,-0.005132600705506807,-0.004185411445805309
2023-02-28,82.6520004272461,83.88999938964844,104.87000274658205,17303.94921875,-0.0032079746578742574,0.017465160639244193,0.00191081094043688,-0.0051027157362857345
2023-03-01,82.6353988647461,84.30999755859375,104.4800033569336,17450.900390625,-0.00020086098841143318,0.005006534414126351,-0.003718884136876377,0.008492348770636093
2023-03-02,82.4198989868164,84.75,105.02999877929688,17321.900390625,-0.002607839750158547,0.005218864359478381,0.005264121407848155,-0.007392168719804415
2023-03-03,82.35569763183594,85.83000183105469,104.5199966430664,17594.349609375,-0.0007789545458037894,0.01274338443722356,-0.004855775894105796,0.015728598629827895
2023-03-06,81.7125015258789,86.18000030517578,104.3499984741211,17711.44921875,-0.007809977019833991,0.004077810400261006,-0.0016264655033031428,0.006655523618366965
2023-03-08,82.07460021972656,82.66000366210938,105.66000366210938,17754.400390625,0.004431374478640615,-0.04084470446277089,0.012553955027734487,0.0024250512391459367
2023-03-09,81.9645004272461,81.58999633789062,105.30999755859376,17589.599609375,-0.001341459991102134,-0.012944680338905279,-0.003312569481209726,-0.009282249899975281
2023-03-10,82.01840209960938,82.77999877929688,104.58000183105467,17412.900390625,0.0006576221666980686,0.014585151303084576,-0.006931874888069678,-0.010045664635585094
2023-03-13,81.95800018310547,80.7699966430664,103.5999984741211,17154.30078125,-0.0007364434682664012,-0.02428125351377952,-0.009370848534854148,-0.014851035931626178
2023-03-14,82.41739654541016,77.44999694824219,103.5999984741211,17043.30078125,0.005605265639453627,-0.04110436836460141,0.0,-0.006470680525861194
2023-03-15,82.30490112304688,73.69000244140625,104.6500015258789,16972.150390625,-0.0013649475363044505,-0.04854738095533617,0.010135164741533309,-0.004174683738684903
2023-03-16,82.7156982421875,74.69999694824219,104.41999816894533,16985.599609375,0.0049911622945331136,0.013705990953644331,-0.0021978342434777476,0.0007924286811309411
2023-03-17,82.622802734375,72.97000122070312,103.70999908447266,17100.05078125,-0.0011230698620291468,-0.02315924763340671,-0.006799455055763737,0.006738129621978839
2023-03-20,82.53299713134766,73.79000091552734,103.27999877929688,16988.400390625,-0.0010869348418990343,0.011237490490702662,-0.004146179818452667,-0.0065292432199922645
2023-03-21,82.52909851074219,75.31999969482422,103.26000213623048,17107.5,-4.7237114135900704e-05,0.020734500072013384,-0.00019361583368260327,0.007010642946744028
2023-03-22,82.677001953125,76.69000244140625,102.3499984741211,17151.900390625,0.0017921368953710548,0.018189096549826145,-0.00881274107382668,0.0025953757489405316
2023-03-23,82.52580261230469,75.91000366210938,102.52999877929688,17076.900390625,-0.00182879564145344,-0.01017080133610404,0.0017586742340918171,-0.004372693304643627
2023-03-24,82.26529693603516,74.98999786376953,103.12000274658205,16945.05078125,-0.0031566572880648014,-0.01211969113366107,0.005754452104843821,-0.007720933328590696
2023-03-27,82.33879852294922,78.12000274658203,102.86000061035156,16985.69921875,0.0008934701466063455,0.041738964821663505,-0.0025213550165377185,0.0023988383407489433
2023-03-28,82.21489715576172,78.6500015258789,102.43000030517578,16951.69921875,-0.0015047750199193022,0.006784418339258913,-0.004180442374336346,-0.002001683861354908
2023-03-29,82.16429901123047,78.27999877929688,102.63999938964844,17080.69921875,-0.00061543766740213,-0.00470442135287541,0.0020501716669627523,0.007609856589321451
2023-03-31,82.10050201416016,79.7699966430664,102.51000213623048,17359.75,-0.0007764564152320519,0.01903420908283926,-0.0012665359917282126,0.016337198944623932
2023-04-03,82.18479919433594,84.93000030517578,102.08999633789062,17398.05078125,0.0010267559650396496,0.06468602080050201,-0.004097217730828717,0.002206297973761151
2023-04-05,82.11479949951172,84.98999786376953,101.8499984741211,17557.05078125,-0.0008517353027619468,0.0007064353983063931,-0.00235084604151814,0.009138954817361267
2023-04-06,81.94999694824219,85.12000274658203,101.81999969482422,17599.150390625,-0.002006977454417469,0.0015296492067322642,-0.0002945388291242246,0.002397874785437182
2023-04-10,81.88480377197266,84.18000030517578,102.58000183105467,17624.05078125,-0.0007955238401131659,-0.011043261408306249,0.007464173428681331,0.0014148632219350699
2023-04-11,81.98390197753906,85.61000061035156,102.1999969482422,17722.30078125,0.0012102148506378807,0.016987411499069127,-0.0037044733479174585,0.005574768321964241
2023-04-12,82.07009887695312,87.33000183105469,101.5,17812.400390625,0.0010513881058951124,0.02009112496718224,-0.006849285412373396,0.005083967961446945
2023-04-13,81.96060180664062,86.08999633789062,101.01000213623048,17828.0,-0.0013341895746545873,-0.014199077833101703,-0.004827565160290814,0.0008757724412713497
2023-04-17,81.84480285644531,84.76000213623047,102.0999984741211,17706.849609375,-0.001412861150879574,-0.015448882079633575,0.010790974307876455,-0.006795512150830185
2023-04-18,82.00370025634766,84.7699966430664,101.75,17660.150390625,0.001941447646725214,0.0001179153679098377,-0.0034279968594691512,-0.0026373533282438855
2023-04-19,82.10790252685547,83.12000274658203,101.97000122070312,17618.75,0.0012707020559081794,-0.01946436194201895,0.0021621741592445787,-0.002344283016240789
2023-04-20,82.34010314941406,81.0999984741211,101.83999633789062,17624.44921875,0.002827993596385525,-0.02430226426507187,-0.001274932639562465,0.0003234746363958152
2023-04-21,82.14089965820312,81.66000366210938,101.81999969482422,17624.05078125,-0.002419276677968929,0.006905119587233832,-0.00019635353285030188,-2.260708945023282e-05
2023-04-24,82.05480194091797,82.7300033569336,101.3499984741211,17743.400390625,-0.001048171101648676,0.013103106133225628,-0.004616001002865966,0.006771973756565242
2023-04-25,81.85230255126953,80.7699966430664,101.86000061035156,17769.25,-0.0024678554436612377,-0.02369160684559457,0.0050320882477437046,0.0014568576938982503
2023-04-26,81.9916000366211,77.69000244140625,101.47000122070312,17813.599609375,0.0017018151109959856,-0.038132899958769007,-0.003828778591316917,0.0024958627615121465
2023-04-27,81.76689910888672,78.37000274658203,101.5,17915.05078125,-0.0027405359528782647,0.008752738882826572,0.00029564185410446697,0.005695152810193838
2023-04-28,81.76509857177734,79.54000091552734,101.66999816894533,18065.0,-2.2020366786557055e-05,0.01492915819753926,0.0016748588073431936,0.008370013603697934
2023-05-02,81.77469635009766,75.31999969482422,101.95999908447266,18147.650390625,0.00011738233657099251,-0.05305508136949644,0.002852374552475556,0.004575166931912511
2023-05-03,81.77870178222656,72.33000183105469,101.33999633789062,18089.849609375,4.898131460806532e-05,-0.0396972633548085,-0.006080842998717251,-0.00318502836487633
2023-05-04,81.77999877929688,72.5,101.4000015258789,18255.80078125,1.585983932295143e-05,0.0023503133505013984,0.0005921175267089573,0.009173717607303677
2023-05-05,81.71610260009766,75.30000305175781,101.20999908447266,18069.0,-0.000781317928013836,0.03862073174838354,-0.0018737913071703582,-0.010232406865540389
2023-05-08,81.72979736328125,77.01000213623047,101.37000274658205,18264.400390625,0.00016758952945439276,0.02270915026785958,0.001580907652966701,0.010814123118324304
2023-05-09,81.78710174560547,77.44000244140625,101.63999938964844,18265.94921875,0.0007011443093332126,0.005583694237731862,0.0026634767263582493,8.480038171931881e-05
2023-05-10,82.1050033569336,76.41000366210938,101.4800033569336,18315.099609375,0.003886940661095295,-0.013300603652178444,-0.00157414436910297,0.0026908205008338015
2023-05-11,81.9198989868164,74.9800033569336,102.05999755859376,18297.0,-0.0022544834364416344,-0.01871483099908422,0.0057153545770014524,-0.0009882342854272697
2023-05-12,82.10030364990234,74.16999816894531,102.68000030517578,18314.80078125,0.0022022080754149354,-0.010802949476173662,0.006074884983473305,0.0009728797753729701
2023-05-15,82.20030212402344,75.2300033569336,102.43000030517578,18398.849609375,0.0012180037061435556,0.014291562817269954,-0.002434748726694358,0.004589120522186851
2023-05-16,82.2667007446289,74.91000366210938,102.55999755859376,18286.5,0.0008077661381984402,-0.004253617978799751,0.0012691326079339316,-0.006106338807060685
2023-05-17,82.2959976196289,76.95999908447266,102.87999725341795,18181.75,0.0003561206993210053,0.027366110294294366,0.0031201219036824934,-0.005728269488420423
2023-05-18,82.45030212402344,75.86000061035156,103.58000183105467,18129.94921875,0.0018749940320028635,-0.014293119636263452,0.006804088222440718,-0.002849053652701161
2023-05-19,82.72509765625,75.58000183105469,103.1999969482422,18203.400390625,0.0033328626475279677,-0.003690993633589157,-0.0036687089794831262,0.0040513721791914925
2023-05-22,82.90480041503906,75.98999786376953,103.1999969482422,18314.400390625,0.0021722882641466157,0.005424662910584743,0.0,0.006097761825706316
2023-05-23,82.82499694824219,76.83999633789062,103.48999786376952,18348.0,-0.0009625916279559776,0.011185662561077114,0.002810086473866491,0.001834600568861644
2023-05-24,82.8906021118164,78.36000061035156,103.88999938964844,18285.400390625,0.000792093763857471,0.019781420417785744,0.003865122563877721,-0.0034117947119577385
2023-05-25,82.71369934082031,76.26000213623047,104.20999908447266,18321.150390625,-0.0021341716248780562,-0.026799367761154436,0.0030801780412379465,0.001955111686716471
2023-05-26,82.74210357666016,76.94999694824219,104.20999908447266,18499.349609375,0.0003434042494316891,0.009047925422020153,0.0,0.009726420827874671
2023-05-30,82.57969665527344,73.54000091552734,104.16999816894533,18633.849609375,-0.001962808707615782,-0.04431444012932795,-0.000383849111205814,0.007270525874695455
2023-05-31,82.68389892578125,72.66000366210938,104.31999969482422,18534.400390625,0.0012618388626783883,-0.011966239359022968,0.0014399685947543706,-0.0053370195013254795
2023-06-01,82.66680145263672,74.27999877929688,103.55999755859376,18487.75,-0.00020678116739369923,0.0222955551271502,-0.00728529657260113,-0.0025169624936233204
2023-06-02,82.27670288085938,76.12999725341797,104.0199966430664,18534.099609375,-0.004718926641922194,0.02490574184872929,0.00444186071182906,0.002507044360454902
2023-06-05,82.40979766845703,76.70999908447266,104.0,18593.849609375,0.0016176485315702038,0.007618571548400288,-0.0001922384513721731,0.003223787573137793
2023-06-06,82.51119995117188,76.29000091552734,104.12999725341795,18599.0,0.001230463920355529,-0.005475142405917843,0.0012499735905573406,0.00027699431442118616
2023-06-07,82.51719665527344,76.94999694824219,104.0999984741211,18726.400390625,7.267745597094866e-05,0.008651147264313597,-0.00028808969641913595,0.006849851638528914
2023-06-08,82.61810302734375,75.95999908447266,103.33999633789062,18634.55078125,0.0012228526435751341,-0.012865469824975051,-0.007300693058313601,-0.0049048192636628185
2023-06-09,82.48829650878906,74.79000091552734,103.55999755859376,18563.400390625,-0.001571163144616472,-0.015402819682030167,0.0021289067979430865,-0.00381819725413457
2023-06-12,82.4448013305664,71.83999633789062,103.62999725341795,18601.5,-0.0005272890829794985,-0.03944383662956019,0.0006759337241639685,0.0020524046550352004
2023-06-13,82.33719635009766,74.29000091552734,103.33999633789062,18716.150390625,-0.0013051760539430912,0.03410362893273855,-0.0027984263554321487,0.0061635024393194016
2023-06-14,82.29039764404297,73.19999694824219,103.01000213623048,18755.900390625,-0.0005683786688059911,-0.014672283670107422,-0.003193286368824322,0.0021238341844009856
2023-06-15,82.04499816894531,75.66999816894531,102.12000274658205,18688.099609375,-0.0029821155581135628,0.033743187481955816,-0.00863993176576594,-0.0036149041015322014
2023-06-16,81.9126968383789,76.61000061035156,102.3000030517578,18826.0,-0.001612545962813905,0.012422392812902583,0.0017626351384110173,0.0073790483520230765
2023-06-20,81.98139953613281,75.9000015258789,102.54000091552734,18816.69921875,0.0008387307512223163,-0.009267707594518892,0.0023460201037150963,-0.0004940391612663353
2023-06-21,81.9917984008789,77.12000274658203,102.06999969482422,18856.849609375,0.00012684419642661204,0.016073797051073146,-0.004583589004356625,0.0021337637466720683
2023-06-22,81.94149780273438,74.13999938964844,102.38999938964844,18771.25,-0.0006134832888845532,-0.038641120990697386,0.0031351003799449106,-0.004539443817404343
2023-06-23,81.91929626464844,73.8499984741211,102.9000015258789,18665.5,-0.00027094376697123224,-0.003911531129144219,0.004980976064758336,-0.005633615236065759
2023-06-26,81.98480224609375,74.18000030517578,102.69000244140624,18691.19921875,0.0007996404318915129,0.004468542151295107,-0.002040807399015021,0.0013768299134766515
2023-06-27,82.00650024414062,72.26000213623047,102.48999786376952,18817.400390625,0.0002646587837309422,-0.025882962537698284,-0.001947653840507435,0.00675190341711196
2023-06-28,81.99839782714844,74.02999877929688,102.91000366210938,18972.099609375,-9.88021311489895e-05,0.024494832420977053,0.004098017436766188,0.00822107281232487
2023-06-30,82.07540130615234,74.9000015258789,102.91000366210938,19189.05078125,0.0009390851656179144,0.011752029730214275,0.0,0.01143527476356887
2023-07-03,82.09629821777344,74.6500015258789,102.98999786376952,19322.55078125,0.00025460626799911346,-0.0033377836436174757,0.0007773219202555914,0.00695709243369369
2023-07-05,82.0071029663086,76.6500015258789,103.37000274658205,19398.5,-0.0010864710516939047,0.02679169402704784,0.0036897260966564094,0.003930600033599019
2023-07-06,82.39409637451172,76.5199966430664,103.16999816894533,19497.30078125,0.004719023038310732,-0.0016960845430460392,-0.0019348415625666249,0.00509321758125636
2023-07-07,82.76840209960938,78.47000122070312,102.2699966430664,19331.80078125,0.004542870685738221,0.025483594657389697,-0.008723481068644845,-0.00848835445771845
2023-07-10,82.61530303955078,77.69000244140625,101.97000122070312,19355.900390625,-0.0018497283525462649,-0.00994008878760011,-0.002933366893618894,0.0012466303397029588
2023-07-11,82.52529907226562,79.4000015258789,101.7300033569336,19439.400390625,-0.0010894345717290532,0.022010542292907553,-0.0023536124438213735,0.004313930032438185
2023-07-12,82.39990234375,80.11000061035156,100.5199966430664,19384.30078125,-0.0015194943844532016,0.00894205378876789,-0.011894295428475643,-0.002834429471475497
2023-07-13,82.00180053710938,81.36000061035156,99.7699966430664,19413.75,-0.0048313383307161395,0.015603545006570352,-0.00746120200006728,0.0015192303855748879
2023-07-14,82.03079986572266,79.87000274658203,99.91000366210938,19564.5,0.00035364258374004365,-0.0183136412560444,0.001403297822529348,0.007765114931427508
2023-07-17,82.07679748535156,78.5,99.83999633789062,19711.44921875,0.0005607359638599707,-0.01715290721760565,-0.0007007038499919904,0.007511013251041421
2023-07-18,82.06159973144531,79.62999725341797,99.94000244140624,19749.25,-0.0001851650450782616,0.01439486947029267,0.0010016637338121637,0.001917706853032497
2023-07-19,82.07540130615234,79.45999908447266,100.27999877929688,19833.150390625,0.00016818554296049726,-0.002134850870386229,0.003402004498548772,0.004248282371482448
2023-07-20,82.06169891357422,79.63999938964844,100.87999725341795,19979.150390625,-0.00016694883436529917,0.0022652945790300194,0.005983231765305463,0.007361412439498949
2023-07-21,82.0823974609375,81.06999969482422,101.06999969482422,19745.0,0.00025223152380848823,0.017955805074524545,0.0018834501048703434,-0.011719737128305097
2023-07-24,81.99030303955078,82.73999786376953,101.3499984741211,19672.349609375,-0.0011219752862426935,0.020599459420646005,0.002770345108759509,-0.0036794322929856182
2023-07-25,81.81420135498047,83.63999938964844,101.3499984741211,19680.599609375,-0.002147835512760099,0.0108774661483646,0.0,0.0004193703428323481
2023-07-26,81.95010375976562,82.91999816894531,100.88999938964844,19778.30078125,0.0016611102050057003,-0.008608336034878539,-0.004538718218038418,0.004964339187534694
2023-07-27,81.97550201416016,84.23999786376953,101.7699966430664,19659.900390625,0.00030992339520374834,0.0159189547029992,0.008722343728235327,-0.0059863783008722304
2023-07-28,82.3749008178711,84.98999786376953,101.62000274658205,19646.05078125,0.004872172708889844,0.008903134128907197,-0.0014738518368083708,-0.0007044597937843067
2023-07-31,82.25279998779297,85.55999755859375,101.86000061035156,19753.80078125,-0.0014822576885171745,0.006706667950949541,0.0023617187294120434,0.005484562836559181
2023-08-01,82.2332992553711,84.91000366210938,102.3000030517578,19733.55078125,-0.00023708290082247174,-0.007596936828326184,0.00431967837001479,-0.0010251191770254131
2023-08-02,82.30729675292969,83.19999694824219,102.58999633789062,19526.55078125,0.0008998483367279597,-0.020139048876643306,0.0028347338952288137,-0.010489749274959825
2023-08-03,82.7332992553711,85.13999938964844,102.54000091552734,19381.650390625,0.005175756211750926,0.023317337891407774,-0.00048733233402808995,-0.007420685416911321
2023-08-04,82.7843017578125,86.23999786376953,102.0199966430664,19517.0,0.0006164688571645982,0.012919878811448848,-0.005071233351063853,0.006983389270114548
2023-08-07,82.69529724121094,85.33999633789062,102.0500030517578,19597.30078125,-0.0010751376131907797,-0.01043601053075871,0.0002941228159061282,0.004114401867602702
2023-08-08,82.74829864501953,86.16999816894531,102.52999877929688,19570.849609375,0.0006409240377236447,0.009725824545016692,0.004703534671092857,-0.0013497354646058168
2023-08-09,82.84500122070312,87.55000305175781,102.48999786376952,19632.55078125,0.0011686352138602363,0.016014911362848716,-0.0003901386521369954,0.003152707884763739
2023-08-10,82.86630249023438,86.4000015258789,102.5199966430664,19543.099609375,0.0002571219653253465,-0.013135368198663011,0.00029269957968747207,-0.004556268458015711
2023-08-11,82.79989624023438,86.80999755859375,102.83999633789062,19428.30078125,-0.0008013661525181348,0.004745324368912618,0.0031213393025979475,-0.005874136161590715
2023-08-14,82.89730072021484,86.20999908447266,103.19000244140624,19434.55078125,0.0011763840826304328,-0.006911628740873033,0.003403404472765992,0.00032169565781225984
2023-08-16,83.19419860839844,83.44999694824219,103.41999816894533,19465.0,0.0035815145439492824,-0.03201487258486213,0.0022288566924852926,0.0015667570139761278
2023-08-17,83.23699951171875,84.12000274658203,103.44000244140624,19365.25,0.0005144698072250264,0.00802882951278483,0.00019342750739781422,-0.005124582584125403
2023-08-18,83.09829711914062,84.80000305175781,103.37999725341795,19310.150390625,-0.0016663550271126537,0.008083693330637853,-0.0005800965445865724,-0.0028452826260957353
2023-08-21,83.16729736328125,84.45999908447266,103.33000183105467,19393.599609375,0.0008303448630444521,-0.004009480601995241,-0.00048360827714788446,0.0043215209131937105
2023-08-22,83.1135025024414,84.02999877929688,103.55999755859376,19396.44921875,-0.0006468270888358996,-0.005091171084973811,0.002225836866964759,0.00014693555773015454
2023-08-23,83.07330322265625,83.20999908447266,103.36000061035156,19444.0,-0.0004836672571220113,-0.009758416122055746,-0.0019312181629691505,0.0024515199000461063
2023-08-24,82.5447006225586,83.36000061035156,103.9800033569336,19386.69921875,-0.006363086329682521,0.001802686306084711,0.005998478549930741,-0.002946964680621278
2023-08-25,82.64140319824219,84.4800033569336,104.08000183105467,19265.80078125,0.0011715176741118327,0.01343573342588189,0.0009617087025648452,-0.006236153774081932
2023-08-28,82.66429901123047,84.41999816894531,104.05999755859376,19306.05078125,0.0002770501480156007,-0.0007102886553490562,-0.00019220092341443173,0.002089194238900971
2023-08-29,82.69149780273438,85.48999786376953,103.5500030517578,19342.650390625,0.0003290270628220071,0.012674718289887643,-0.004900965969644622,0.0018957584743610756
2023-08-30,82.49469757080078,85.86000061035156,103.16000366210938,19347.44921875,-0.002379933090619235,0.0043280238136353955,-0.003766290469865874,0.0002480956863764039
2023-08-31,82.70040130615234,86.86000061035156,103.62000274658205,19253.80078125,0.002493538874726031,0.011646866909984954,0.004459083638455041,-0.004840350603388277
2023-09-01,82.68240356445312,88.55000305175781,104.23999786376952,19435.30078125,-0.00021762580852047186,0.019456624793125377,0.005983353606964892,0.009426710188917609
2023-09-05,82.7345962524414,90.04000091552734,104.80999755859376,19574.900390625,0.0006312429941346398,0.016826626904785424,0.005468147606537466,0.007182786155266463
2023-09-06,83.08609771728516,90.5999984741211,104.86000061035156,19611.05078125,0.004248542698767066,0.006219430840733953,0.0004770828444093933,0.0018467726478093027
2023-09-07,83.25740051269531,89.91999816894531,105.05999755859376,19727.05078125,0.002061750402492679,-0.007505522258590469,0.0019072758638001286,0.005915032360780392
2023-09-08,83.24150085449219,90.6500015258789,105.08999633789062,19819.94921875,-0.00019096990904365896,0.008118364899897257,0.00028553950118004323,0.004709190366575022
2023-09-11,83.03130340576172,90.63999938964844,104.56999969482422,19996.349609375,-0.002525152076461201,-0.00011033795986881145,-0.00494810791880218,0.008900143420050854
2023-09-12,82.94329833984375,92.05999755859376,104.70999908447266,19993.19921875,-0.0010599022574402372,0.015666352366585423,0.0013388102711773264,-0.0001575482868895195
2023-09-13,82.84300231933594,91.87999725341795,104.7699966430664,20070.0,-0.001209211865398352,-0.001955249945137627,0.0005729878628435436,0.003841345269944396
2023-09-14,82.93679809570312,93.6999969482422,105.41000366210938,20103.099609375,0.0011322112156875175,0.019808443069544657,0.006108686069957292,0.001649208239910216
2023-09-15,83.0282974243164,93.93000030517578,105.31999969482422,20192.349609375,0.0011032416335592377,0.002454678382333597,-0.0008538465435753428,0.004439613877174287
2023-09-18,83.08580017089844,94.43000030517578,105.1999969482422,20133.30078125,0.0006925680565044168,0.005323112939162211,-0.001139410813992936,-0.002924316846098174
2023-09-20,83.19499969482422,93.52999877929688,105.16000366210938,19901.400390625,0.0013142982760130373,-0.009530885555123492,-0.00038016432788023913,-0.011518249945432046
2023-09-21,83.08699798583984,93.3000030517578,105.36000061035156,19742.349609375,-0.00129817548386979,-0.0024590583827740486,0.0019018347401813518,-0.007991939166498319
2023-09-22,82.89129638671875,93.2699966430664,105.58000183105467,19674.25,-0.002355381754849839,-0.00032161208692293997,0.0020880905412741235,-0.003449417659114995
2023-09-25,82.97480010986328,93.29000091552734,106.0,19674.55078125,0.0010073883119761096,0.00021447703635590898,0.003978008729507154,1.5288066889551644e-05
2023-09-26,83.0282974243164,93.95999908447266,106.2300033569336,19664.69921875,0.0006447417093176089,0.007181886186837794,0.0021698429899394966,-0.0005007261720755274
2023-09-27,83.29869842529297,96.5500030517578,106.66999816894533,19716.44921875,0.0032567330580641762,0.02756496373479811,0.004141907164714631,0.002631619198663282
2023-09-28,83.22270202636719,95.37999725341795,106.22000122070312,19523.55078125,-0.0009123359711789014,-0.012118133209303328,-0.004218589631261538,-0.009783629666773708
2023-09-29,83.19300079345703,95.30999755859376,106.16999816894533,19638.30078125,-0.00035688859153770736,-0.000733903300900729,-0.0004707498699223489,0.005877516917168757
2023-10-03,83.3593978881836,90.91999816894533,107.0,19528.75,0.0020001333422228207,-0.04606021930647508,0.007817668318444548,-0.005578424654468894
2023-10-04,83.22979736328125,85.80999755859375,106.8000030517578,19436.099609375,-0.0015547200218046786,-0.05620326345427651,-0.0018691303574037699,-0.004744307271330683
2023-10-05,83.44979858398438,84.06999969482422,106.33000183105467,19545.75,0.0026432987664606333,-0.020277332633431233,-0.004400760367725409,0.005641584105285702
2023-10-06,83.22489929199219,84.58000183105469,106.04000091552734,19653.5,-0.002695024982784733,0.006066398692539332,-0.002727366787673935,0.0055127073660514725
2023-10-09,83.12460327148438,88.1500015258789,106.08000183105467,19512.349609375,-0.001205120358943601,0.042208555421353156,0.00037722477538637555,-0.00718194675884698
2023-10-10,83.27030181884766,87.6500015258789,105.83000183105467,19689.849609375,0.0017527728449713287,-0.005672149646568148,-0.002356711874856088,0.00909680297624016
2023-10-11,83.25029754638672,85.81999969482422,105.81999969482422,19811.349609375,-0.00024023297651132314,-0.02087851453732581,-9.45113489313476e-05,0.006170692128707245
2023-10-12,83.21800231933594,86.0,106.56999969482422,19794.0,-0.00038792926875474976,0.002097416753855219,0.007087507107946811,-0.0008757409120068171
2023-10-13,83.26239776611328,90.88999938964844,106.6500015258789,19751.05078125,0.0005334836879042903,0.05686045801916784,0.0007506974878839223,-0.0021698099802970328
2023-10-16,83.28230285644531,89.6500015258789,106.23999786376952,19731.75,0.0002390645821652715,-0.013642841589794896,-0.0038443849624315574,-0.0009772027556287366
2023-10-17,83.19950103759766,89.9000015258789,106.25,19811.5,-0.000994230658947881,0.0027886223730608783,9.414661550821712e-05,0.004041709427698992
2023-10-18,83.26429748535156,91.5,106.56999969482422,19671.099609375,0.0007788081292052773,0.01779753556133712,0.0030117618336396035,-0.007086812741337156
2023-10-19,83.26860046386719,92.37999725341795,106.25,19624.69921875,5.1678554261247456e-05,0.009617456321507678,-0.003002718361082679,-0.0023588102112444
2023-10-20,83.12229919433594,92.16000366210938,106.16000366210938,19542.650390625,-0.0017569800466952223,-0.0023813985478381428,-0.0008470243566176539,-0.004180896084593599
2023-10-23,83.15979766845703,89.83000183105469,105.54000091552734,19281.75,0.0004511241205373828,-0.0252821369191486,-0.005840266816073192,-0.013350307425555652
2023-10-25,82.98780059814453,90.12999725341795,106.52999877929688,19122.150390625,-0.002068271870961258,0.0033395905181821117,0.009380309410475629,-0.008277236732921023
2023-10-26,83.1709976196289,87.93000030517578,106.5999984741211,18857.25,0.0022075174924984786,-0.024409153614600165,0.0006570890418315933,-0.013853064912347501
2023-10-27,83.28250122070312,90.4800033569336,106.55999755859376,19047.25,0.0013406548468273272,0.029000375786507382,-0.0003752431153837277,0.010075700327460302
2023-10-30,83.41339874267578,87.44999694824219,106.12000274658205,19140.900390625,0.0015717289953356417,-0.033488133247943974,-0.004129080537654706,0.004916740769664862
2023-10-31,83.29650115966797,87.41000366210938,106.66000366210938,19079.599609375,-0.0014014245285512983,-0.0004573274731671795,0.0050885874627883965,-0.0032026069828995363
2023-11-01,83.2771987915039,84.62999725341797,106.87999725341795,18989.150390625,-0.00023173083977512388,-0.031804213387723324,0.0020625687582527252,-0.004740624572936891
2023-11-02,85.19400024414062,86.8499984741211,106.12000274658205,19133.25,0.02301712209887974,0.02623184795877398,-0.0071107272302217694,0.007588523257266999
2023-11-03,83.24729919433594,84.88999938964844,105.0199966430664,19230.599609375,-0.022850212975397577,-0.0225676352205888,-0.010365681069029797,0.005087980838331285
2023-11-06,83.15850067138672,85.18000030517578,105.22000122070312,19411.75,-0.0010666835297794552,0.0034161964614491946,0.0019044428111769651,0.00941990339899168
2023-11-07,83.2228012084961,81.61000061035156,105.54000091552734,19406.69921875,0.0007732286728385773,-0.04191124303867011,0.003041243975591801,-0.000260191958478706
2023-11-08,83.23269653320312,79.54000091552734,105.58999633789062,19443.5,0.00011890160585004139,-0.025364534730338617,0.0004737106493233334,0.0018962926582819506
2023-11-09,83.21769714355469,80.01000213623047,105.91000366210938,19395.30078125,-0.00018021030524284498,0.005908991894559845,0.0030306594878053428,-0.002478937369815082
2023-11-10,83.31939697265625,81.43000030517578,105.86000061035156,19425.349609375,0.0012220937684219724,0.017747758168129124,-0.00047212775024862985,0.001549283945833313
2023-11-13,83.29889678955078,82.5199966430664,105.66000366210938,19443.55078125,-0.00024604334465117006,0.013385685052261342,-0.0018892588993867365,0.0009369804014345284
2023-11-15,82.98159790039062,81.18000030517578,104.38999938964844,19675.44921875,-0.0038091607618980783,-0.01623844392149787,-0.012019725803931403,0.011926753508604282
2023-11-16,83.18620300292969,77.41999816894531,104.37000274658205,19765.19921875,0.0024656683857144923,-0.04631685294525356,-0.0001915570761884533,0.004561522280999375
2023-11-17,83.12030029296875,80.61000061035156,103.81999969482422,19731.80078125,-0.0007922312544860199,0.04120385581054986,-0.005269742620331974,-0.0016897597201204206
2023-11-20,83.29149627685547,82.31999969482422,103.47000122070312,19694.0,0.0020596170043096773,0.0212132374584435,-0.0033712047307831172,-0.0019157289123818977
2023-11-21,83.32219696044922,82.44999694824219,103.58999633789062,19783.400390625,0.00036859325340610205,0.0015791697509706104,0.0011597092468527137,0.0045394734754240496
2023-11-22,83.345703125,81.95999908447266,103.91999816894533,19811.849609375,0.0002821116750191255,-0.005942970065567432,0.0031856534677181525,0.0014380348265852216
2023-11-24,83.34400177001953,80.58000183105469,103.4000015258789,19794.69921875,-2.0413229676830014e-05,-0.016837448375221054,-0.005003816899814106,-0.0008656632754210358
2023-11-28,83.364501953125,81.68000030517578,102.75,19889.69921875,0.00024597070779064367,0.013651010785869389,-0.006286281588847253,0.004799264638990497
2023-11-29,83.41809844970703,83.0999984741211,102.7699966430664,20096.599609375,0.0006429174927737868,0.017384894265914053,0.0001946145310598446,0.010402389113554511
2023-11-30,83.3302993774414,82.83000183105469,103.5,20133.150390625,-0.0010525182651887066,-0.003249057136270439,0.00710327314176129,0.0018187545137213768
2023-12-01,83.35269927978516,78.87999725341797,103.2699966430664,20267.900390625,0.0002688086147668578,-0.047688089947087065,-0.002222254656363276,0.0066929416105065975
2023-12-04,83.21859741210938,78.02999877929688,103.63999938964844,20686.80078125,-0.0016088485296157362,-0.010775843099871119,0.003582867808748613,0.020668169003769332
2023-12-05,83.41709899902344,77.19999694824219,104.0500030517578,20855.099609375,0.00238530320249275,-0.010636958144806585,0.00395603690200641,0.008135565760247543
2023-12-06,83.31590270996094,74.30000305175781,104.1500015258789,20937.69921875,-0.0012131360389754375,-0.03756468926324752,0.0009610617125246357,0.003960643244200535
2023-12-07,83.28959655761719,74.05000305175781,103.54000091552734,20901.150390625,-0.00031573987063826525,-0.003364737412269614,-0.005856942884441496,-0.0017455990623970186
2023-12-08,83.35489654541016,75.83999633789062,104.01000213623048,20969.400390625,0.0007840113350505717,0.024172764515373313,0.0045393202293535495,0.003265370504707432
2023-12-11,83.43009948730469,76.02999877929688,104.0999984741211,20997.099609375,0.0009022018502964357,0.002505306574116073,0.0008652661863495226,0.001320935183362959
2023-12-12,83.34349822998047,73.23999786376953,103.87000274658205,20906.400390625,-0.0010380097573465807,-0.03669605366726725,-0.002209373015468641,-0.004319607014175553
2023-12-13,83.39600372314453,74.26000213623047,102.87000274658205,20926.349609375,0.0006299890726830792,0.013926874688857893,-0.009627418634422846,0.0009542158562574343
2023-12-14,83.2853012084961,76.61000061035156,101.95999908447266,21182.69921875,-0.0013274318876950186,0.03164554816211829,-0.00884615182086812,0.012250087289956912
2023-12-15,83.29660034179688,76.55000305175781,102.5500030517578,21456.650390625,0.00013566779655982408,-0.0007831556992005106,0.005786621935886194,0.012932779200891975
2023-12-18,83.04170227050781,77.94999694824219,102.51000213623048,21418.650390625,-0.0030601257463463982,0.018288619734447176,-0.0003900625483855835,-0.0017710126840955187
2023-12-19,83.11119842529297,79.2300033569336,102.16999816894533,21453.099609375,0.0008368825889282228,0.01642086541121124,-0.0033167882177322916,0.0016083748565725031
2023-12-20,83.09159851074219,79.69999694824219,102.41000366210938,21150.150390625,-0.00023582760111917622,0.005932015289602521,0.0023490799399563667,-0.01412146609423337
2023-12-21,83.26719665527344,79.38999938964844,101.83999633789062,21255.05078125,0.0021133080561515083,-0.0038895554637858876,-0.005565934028275432,0.004959794076523361
2023-12-22,83.13159942626953,79.06999969482422,101.6999969482422,21349.400390625,-0.0016284591585961072,-0.0040307305363948,-0.001374699476460406,0.004438926556610712
2023-12-26,83.17230224609375,81.06999969482422,101.47000122070312,21441.349609375,0.0004896191112060411,0.025294043350438056,-0.0022615116464175244,0.004306875934107168
2023-12-27,83.18280029296875,79.6500015258789,100.98999786376952,21654.75,0.0001262204675294143,-0.0175157046292177,-0.004730495231685006,0.0099527499207277
2023-12-28,83.26719665527344,78.38999938964844,101.2300033569336,21778.69921875,0.0010145890978356942,-0.015819235556713496,0.0023765273615297122,0.005723881307796219
2023-12-29,82.302001953125,77.04000091552734,101.33000183105467,21731.400390625,-0.011591535933944686,-0.01722156505462813,0.0009878343455989036,-0.0021717930740454694
2024-01-02,83.20259857177734,75.88999938964844,102.1999969482422,21665.80078125,0.010942584594300309,-0.014927330116984994,0.008585760401327747,-0.0030186554108726504
2024-01-03,83.25700378417969,78.25,102.45999908447266,21517.349609375,0.0006538883801257,0.031097649615654976,0.0025440522895723294,-0.00685186637566948
2024-01-04,83.31809997558594,77.58999633789062,102.41999816894533,21658.599609375,0.0007338264485787782,-0.0084345515924521,-0.0003904051911454154,0.006564470186349425
2024-01-05,83.2406005859375,78.76000213623047,102.41000366210938,21710.80078125,-0.0009301627097970666,0.01507933823381924,-9.758354827804627e-05,0.002410182228605562
2024-01-08,83.19110107421875,76.12000274658203,102.20999908447266,21513.0,-0.0005946558694953641,-0.03351954441395333,-0.0019529789130426911,-0.00911070868564301
2024-01-09,83.05069732666016,77.58999633789062,102.56999969482422,21544.849609375,-0.0016877255589312634,0.019311528353493035,0.003522166261385351,0.0014804820050666745
2024-01-10,83.131103515625,76.80000305175781,102.36000061035156,21618.69921875,0.0009681579029805487,-0.01018163839952424,-0.0020473733557323515,0.0034277152411805734
2024-01-11,83.02559661865234,77.41000366210938,102.29000091552734,21647.19921875,-0.001269162714203853,0.007942715965004066,-0.0006838578976828824,0.0013183031833516878
2024-01-12,83.07610321044922,78.29000091552734,102.4000015258789,21894.55078125,0.0006083255508402274,0.011368004286101296,0.0010753798940954518,0.011426492637705898
2024-01-16,82.8593978881836,78.29000091552734,103.36000061035156,22032.30078125,-0.002608515733058203,0.0,0.00937499091960503,0.006291519811311597
2024-01-17,83.08899688720703,77.87999725341797,103.4499969482422,21571.94921875,0.002770946988213341,-0.005236986298566504,0.0008707075982894441,-0.020894393512082443
2024-01-18,83.17759704589844,79.0999984741211,103.54000091552734,21462.25,0.0010663284190526312,0.015665142061231707,0.0008700238756911283,-0.0050852715087356115
2024-01-19,83.16059875488281,78.55999755859375,103.29000091552734,21622.400390625,-0.0002043614100349922,-0.0068268132230623335,-0.0024145257657856023,0.00746195718645537
2024-01-23,83.09510040283203,79.55000305175781,103.62000274658205,21238.80078125,-0.0007876128001896854,0.012601903308686602,0.00319490587791349,-0.01774084294273448
2024-01-24,83.22139739990234,80.04000091552734,103.23999786376952,21453.94921875,0.001519909073556036,0.006159620929878873,-0.003667292730553995,0.010129971071150878
2024-01-25,83.09760284423828,82.43000030517578,103.56999969482422,21352.599609375,-0.0014875327683959716,0.029860061997885268,0.0031964532921644473,-0.004724053755400193
2024-01-29,83.12129974365234,82.4000015258789,103.61000061035156,21737.599609375,0.00028516947063428333,-0.0003639303552810391,0.00038622106445118654,0.018030591452244726
2024-01-30,83.1530990600586,82.87000274658203,103.4000015258789,21522.099609375,0.000382565196938911,0.005703898203879509,-0.0020268225387084504,-0.009913698102483215
2024-01-31,83.10970306396484,81.70999908447266,103.2699966430664,21725.69921875,-0.0005218806825516564,-0.013997871650332727,-0.001257300588916932,0.009460025419002926
2024-02-01,83.05359649658203,78.69999694824219,103.0500030517578,21697.44921875,-0.0006750904565214766,-0.03683762293423476,-0.002130275960683714,-0.0013003033741542103
2024-02-02,82.92759704589844,77.33000183105469,103.91999816894533,21853.80078125,-0.0015170860263562513,-0.0174078166494529,0.008442456006047427,0.007205988175093214
2024-02-05,82.99929809570312,77.98999786376953,104.4499969482422,21771.69921875,0.0008646223013673016,0.008534799134710447,0.005100065325590597,-0.0037568550808078083
2024-02-06,83.10369873046875,78.58999633789062,104.18000030517578,21929.400390625,0.0012578496103092807,0.007693274657721627,-0.002584936821015016,0.007243402101531293
2024-02-07,83.07060241699219,79.20999908447266,104.04000091552734,21930.5,-0.0003982531942881007,0.00788907972353603,-0.0013438221274556517,5.014315737827957e-05
2024-02-08,83.01260375976562,81.62999725341797,104.1500015258789,21717.94921875,-0.0006981851044660647,0.03055167525459157,0.0010572915165665275,-0.009692017110872975
2024-02-09,82.98529815673828,82.19000244140625,104.08000183105467,21782.5,-0.0003289332196634298,0.006860286742994326,-0.0006721045972029049,0.0029722318898448563
2024-02-12,83.0145034790039,82.0,104.16999816894533,21616.05078125,0.00035193369083841297,-0.0023117463896135115,0.0008646842458432946,-0.0076414194307357075
2024-02-13,82.99019622802734,82.7699966430664,104.95999908447266,21743.25,-0.000292807280148466,0.009390202964224548,0.0075837662418509755,0.005884480011507653
2024-02-14,83.07460021972656,81.5999984741211,104.72000122070312,21840.05078125,0.001017035692593149,-0.014135534812098172,-0.00228656503299296,0.004451992284961959
2024-02-15,83.04309844970703,82.86000061035156,104.3000030517578,21910.75,-0.0003791985749701521,0.015441202938625942,-0.0040106776551707135,0.0032371361888359207
2024-02-16,83.00959777832031,83.47000122070312,104.27999877929688,22040.69921875,-0.0004034130711898509,0.007361822421654063,-0.00019179551175085852,0.005930843022260657
2024-02-20,83.02100372314453,82.33999633789062,104.08000183105467,22196.94921875,0.00013740513301452317,-0.01353785631109139,-0.001917884067734632,0.007089158036650556
2024-02-21,82.8291015625,83.02999877929688,104.01000213623048,22055.05078125,-0.002311489286307311,0.00837991829116369,-0.000672556625602394,-0.006392700010330099
2024-02-22,82.93840026855469,83.66999816894531,103.95999908447266,22217.44921875,0.001319568895386647,0.007708050091023377,-0.00048075233853306365,0.0073633218581414805
2024-02-23,82.87229919433594,81.62000274658203,103.94000244140624,22212.69921875,-0.0007969899829839422,-0.024500961721356296,-0.00019234939633050452,-0.0002137959201901074
2024-02-26,82.88179779052734,82.52999877929688,103.83000183105467,22122.05078125,0.00011461726395611826,0.011149179148403743,-0.0010583087143333225,-0.004080928508836235
2024-02-27,82.85199737548828,83.6500015258789,103.83000183105467,22198.349609375,-0.0003595531930229434,0.013570856211656546,0.0,0.003448994348646428
2024-02-28,82.94819641113281,83.68000030517578,103.9800033569336,21951.150390625,0.0011610949487259603,0.0003586225791949449,0.0014446838412176533,-0.011135927809948543
2024-02-29,82.91190338134766,83.62000274658203,104.16000366210938,21982.80078125,-0.0004375385042161284,-0.0007169880302932974,0.0017311050140851325,0.0014418556686905948
2024-03-01,82.910400390625,83.55000305175781,103.86000061035156,22338.75,-1.8127562646186313e-05,-0.0008371166290960241,-0.0028802135292833597,0.016192168700068565
2024-03-04,82.84609985351562,82.80000305175781,103.83000183105467,22405.599609375,-0.0007755424748454587,-0.008976660354343635,-0.00028883862045636644,0.0029925402887358565
2024-03-05,82.9104995727539,82.04000091552734,103.8000030517578,22356.30078125,0.0007773415930520944,-0.009178769422935829,-0.0002889220723090169,-0.00220029050703785
2024-03-06,82.88480377197266,82.95999908447266,103.37000274658205,22474.05078125,-0.0003099221559834664,0.011214019486574411,-0.004142584706489316,0.005266971542034149
2024-03-07,82.81909942626953,82.95999908447266,102.81999969482422,22493.55078125,-0.000792718842453799,0.0,-0.005320722038734904,0.0008676673462120199
2024-03-11,82.7520980834961,82.20999908447266,102.87000274658205,22332.650390625,-0.0008090083475622567,-0.009040501546249136,0.00048631639667617854,-0.007153178801771132
2024-03-12,82.7782974243164,81.91999816894531,102.95999908447266,22335.69921875,0.00031660032104419145,-0.0035275625685065037,0.0008748550159205504,0.0001365188668460693
2024-03-13,82.83509826660156,84.02999877929688,102.79000091552734,21997.69921875,0.0006861803643289921,0.025756843963790965,-0.00165110888167197,-0.015132725270416536
2024-03-14,82.83110046386719,85.41999816894531,103.36000061035156,22146.650390625,-4.8262183760638955e-05,0.01654170427039081,0.005545283488154196,0.006771215952804832
2024-03-15,82.9655990600586,85.33999633789062,103.43000030517578,22023.349609375,0.0016237692779426105,-0.0009365702735846249,0.0006772416254920977,-0.005567468627318717
2024-03-18,82.88890075683594,86.88999938964844,103.58000183105467,22055.69921875,-0.0009244591022253834,0.018162680082863147,0.0014502709604207187,0.0014688778023679294
2024-03-19,82.86360168457031,87.37999725341797,103.80999755859376,21817.44921875,-0.00030521664583105235,0.0056392895294219425,0.0022204646019821084,-0.010802196640288697
2024-03-20,83.04239654541016,85.94999694824219,103.41000366210938,21839.099609375,0.0021577008144111343,-0.016365304991124208,-0.00385313462952952,0.0009923428906801757
2024-03-21,83.05460357666016,85.77999877929688,104.0,22011.94921875,0.00014699757904179656,-0.001977872890998267,0.005705408732199935,0.0079146856998078
2024-03-22,83.22660064697266,85.43000030517578,104.43000030517578,22096.75,0.0020708914726652594,-0.0040801874458124,0.0041346183189978625,0.0038524885010076115
2024-03-26,83.41739654541016,86.25,104.29000091552734,22004.69921875,0.0022924869807767756,0.009598498090775953,-0.001340605087037372,-0.00416580634029895
2024-03-27,83.34549713134766,86.08999633789062,104.3499984741211,22123.650390625,-0.0008619234960582922,-0.0018551149230072728,0.0005752954076809758,0.005405716783151604
2024-03-28,83.36499786376953,87.4800033569336,104.5500030517578,22326.900390625,0.00023397463681984476,0.016145976050311317,0.0019166706330744354,0.009187001078543977
2024-04-01,83.36479949951172,87.41999816894531,105.0199966430664,22462.0,-2.379466957358467e-06,-0.0006859303347697132,0.0044953952901936045,0.006050979178091831
2024-04-02,83.40969848632812,88.91999816894531,104.81999969482422,22453.30078125,0.0005385844755336766,0.017158545314782003,-0.0019043701641119348,-0.0003872860275131451
2024-04-03,83.35030364990234,89.3499984741211,104.25,22434.650390625,-0.0007120854948962085,0.004835810998992551,-0.005437890636173726,-0.0008306302403686683
2024-04-04,83.37329864501953,90.6500015258789,104.12000274658205,22514.650390625,0.0002758837593894725,0.014549558746040026,-0.0012469760519707718,0.003565912488363576
2024-04-05,83.47779846191406,91.16999816894533,104.3000030517578,22513.69921875,0.0012533966940597718,0.0057363114651241,0.0017287773763687841,-4.224679746289706e-05
2024-04-08,83.29679870605469,90.37999725341795,104.13999938964844,22666.30078125,-0.0021682382524972343,-0.008665141289829092,-0.0015340714997866822,0.006778164752814453
2024-04-09,83.26959991455078,89.41999816894531,104.1500015258789,22642.75,-0.000326528653278646,-0.01062180917953437,9.604509591976118e-05,-0.0010390218270411866
2024-04-10,83.22429656982422,90.4800033569336,105.25,22753.80078125,-0.0005440562314824593,0.01185422958727389,0.010561675064860943,0.0049044741142307835
2024-04-12,83.34929656982422,90.4499969482422,106.04000091552734,22519.400390625,0.0015019652331351718,-0.000331635804355801,0.007505946940877362,-0.010301592814249916
2024-04-15,83.61109924316406,90.0999984741211,106.20999908447266,22272.5,0.00314103038794733,-0.003869524443670058,0.0016031513341907555,-0.010963897188301042
2024-04-16,83.50599670410156,90.0199966430664,106.26000213623048,22147.900390625,-0.001257040512729457,-0.0008879226682525498,0.00047079420194751087,-0.005594325260972033
2024-04-18,83.5958023071289,87.11000061035156,106.1500015258789,21995.849609375,0.0010754389693181654,-0.03232610687882065,-0.0010352024105039215,-0.0068652458503182245
2024-04-19,83.54499816894531,87.29000091552734,106.1500015258789,22147.0,-0.0006077355175914123,0.0020663563760139336,0.0,0.0068717686886063944
2024-04-22,83.38529968261719,87.0,106.08000183105467,22336.400390625,-0.0019115266003738585,-0.003322269589709159,-0.0006594412983326192,0.008551965982977361
2024-04-23,83.38619995117188,88.41999816894531,105.69000244140624,22368.0,1.0796490006237391e-05,0.01632181803385424,-0.003676464771084409,0.0014147135985376202
2024-04-24,83.2833023071289,88.0199966430664,105.86000061035156,22402.400390625,-0.0012339888866889082,-0.004523880730178509,0.0016084602613153365,0.0015379287654238016
2024-04-25,83.3405990600586,89.01000213623047,105.5999984741211,22570.349609375,0.0006879740757443908,0.011247506599877166,-0.0024560942256884877,0.0074969296067168845
2024-04-26,83.30180358886719,89.5,105.94000244140624,22419.94921875,-0.0004655050675055339,0.005504975306253712,0.0032197345852089665,-0.006663626980883297
2024-04-29,83.40229797363281,88.4000015258789,105.58000183105467,22643.400390625,0.0012063890628539742,-0.01229048574436975,-0.0033981555791512408,0.00996662256880243
2024-04-30,83.45110321044922,87.86000061035156,106.22000122070312,22604.849609375,0.0005851785622481565,-0.00610860753627096,0.006061748234031716,-0.00170251731563964
2024-05-02,83.40640258789062,83.66999816894531,105.3000030517578,22648.19921875,-0.0005356504688244224,-0.04768953348849159,-0.008661251726346353,0.0019177127972140884
2024-05-03,83.40630340576172,82.95999908447266,105.02999877929688,22475.849609375,-1.1891428695065542e-06,-0.008485706944071358,-0.002564143063967572,-0.007609859296553445
2024-05-06,83.37999725341797,83.33000183105469,105.0500030517578,22442.69921875,-0.000315397653049998,0.004460013870121626,0.00019046246494736074,-0.0014749338156797576
2024-05-07,83.4728012084961,83.16000366210938,105.41000366210938,22302.5,0.0011130242040673366,-0.00204005958490161,0.0034269452631447983,-0.006246985595782073
2024-05-08,83.46990203857422,83.58000183105469,105.5500030517578,22302.5,-3.4731911232155355e-05,0.005050482809642709,0.001328141398203364,0.0
2024-05-09,83.46430206298828,83.87999725341797,105.2300033569336,21957.5,-6.708975869351708e-05,0.003589320600514867,-0.003031735533605695,-0.01546911781190452
2024-05-10,83.45939636230469,82.79000091552734,105.30999755859376,22055.19921875,-5.877603433246392e-05,-0.012994711177654605,0.0007601843495987914,0.0044494691449390444
2024-05-13,83.5248031616211,83.36000061035156,105.22000122070312,22104.05078125,0.0007836960506215629,0.006884885717126643,-0.0008545849394836491,0.0022149680905385605
2024-05-14,83.50550079345703,82.37999725341797,105.01000213623048,22217.849609375,-0.00023109743972349328,-0.01175627818807734,-0.001995809561265438,0.005148324587705533
2024-05-15,83.52420043945312,82.75,104.3499984741211,22200.55078125,0.00022393310402812894,0.0044914148933972164,-0.006285150449317767,-0.0007786004689536163
2024-05-16,83.40509796142578,83.2699966430664,104.45999908447266,22403.849609375,-0.001425963701546351,0.006283947348234564,0.0010541505698138387,0.009157377676264788
2024-05-17,83.47010040283203,83.9800033569336,104.4499969482422,22466.099609375,0.0007793581327164567,0.008526561096316554,-9.575087419222417e-05,0.0027785403439750667
2024-05-21,83.31500244140625,82.87999725341797,104.66000366210938,22529.05078125,-0.001858125971782365,-0.013098428906228476,0.002010595691747552,0.002802051667603722
2024-05-22,83.31680297851562,81.9000015258789,104.94000244140624,22597.80078125,2.1611199143123372e-05,-0.011824273166208932,0.0026753178817080503,0.0030516154749500313
2024-05-23,83.26709747314453,81.36000061035156,105.11000061035156,22967.650390625,-0.0005965844054759417,-0.006593417649164657,0.001619955831811959,0.01636661960848307
2024-05-24,83.2863998413086,82.12000274658203,104.72000122070312,22957.099609375,0.0002318126697076206,0.009341225793129793,-0.003710392801672513,-0.0004593757337192361
2024-05-28,83.14569854736328,84.22000122070312,104.61000061035156,22888.150390625,-0.0016893669820451374,0.025572313734591345,-0.0010504259842371022,-0.003003394153582195
2024-05-29,83.20649719238281,83.5999984741211,105.0999984741211,22704.69921875,0.0007312301908786178,-0.007361704317211726,0.004684044172742707,-0.008015115627261094
2024-05-30,83.3656005859375,81.86000061035156,104.72000122070312,22488.650390625,0.0019121510810247155,-0.02081337195607913,-0.003615578105945816,-0.009515599658179275
2024-05-31,83.3208999633789,81.62000274658203,104.66999816894533,22530.69921875,-0.0005361998503509158,-0.002931808721965523,-0.00047749284926390523,0.0018697799732139142
2024-06-03,83.45079803466797,78.36000061035156,104.13999938964844,23263.900390625,0.001559009460365246,-0.03994121571341147,-0.0050635214346849144,0.03254231769535276
2024-06-04,83.09339904785156,77.5199966430664,104.11000061035156,21884.5,-0.004282750977024019,-0.010719805522489856,-0.00028806202681674886,-0.05929359941641077
2024-06-05,83.62940216064453,78.41000366210938,104.2699966430664,22620.349609375,0.006450610023598813,0.011480999194839026,0.0015367979231279971,0.033624236760035675
2024-06-06,83.38079833984375,79.87000274658203,104.0999984741211,22821.400390625,-0.0029726844193294077,0.01862006142435857,-0.0016303651521850648,0.008888049244237806
2024-06-07,83.47309875488281,79.62000274658203,104.88999938964844,23290.150390625,0.0011069744698637418,-0.0031300862827464693,0.00758886577432305,0.020539931466807104
2024-06-10,83.52760314941406,81.62999725341797,105.1500015258789,23259.19921875,0.00065295760363826,0.025244843475243695,0.002478807681794315,-0.0013289382574128705
2024-06-11,83.52980041503906,81.91999816894531,105.2300033569336,23264.849609375,2.6305862279585313e-05,0.0035526267951111468,0.0007608352819186148,0.0002429314342191624
2024-06-12,83.5968017578125,82.5999984741211,104.6500015258789,23322.94921875,0.0008021250193406271,0.008300785160827218,-0.005511753421572729,0.002497312914139238
2024-06-13,83.5343017578125,82.75,105.1999969482422,23398.900390625,-0.0007476362574380113,0.0018159991361974548,0.0052555701322878345,0.0032564994745150067
2024-06-14,83.52210235595703,82.62000274658203,105.5500030517578,23465.599609375,-0.00014604062760759096,-0.0015709637875283011,0.0033270543124426233,0.0028505279152657437
2024-06-18,83.51010131835938,85.33000183105469,105.26000213623048,23557.900390625,-0.00014368696739108788,0.03280076245924324,-0.0027475216214357667,0.003933450786960613
2024-06-20,83.41950225830078,85.70999908447266,105.58999633789062,23567.0,-0.0010848874403015518,0.004453266673664524,0.003135038903315346,0.0003862657208033582
2024-06-21,83.60160064697266,85.23999786376953,105.8000030517578,23501.099609375,0.0021829234620462934,-0.0054836218145318805,0.001988888352596918,-0.00279629951309035
2024-06-24,83.5625,86.01000213623047,105.47000122070312,23537.849609375,-0.0004677021333331366,0.00903336804033672,-0.003119109844384793,0.00156375661610908
2024-06-25,83.46040344238281,85.01000213623047,105.61000061035156,23721.30078125,-0.0012217987448578382,-0.011626554762969366,0.0013273858730264987,0.007793879853915442
2024-06-26,83.41459655761719,85.25,106.0500030517578,23868.80078125,-0.0005488457145699233,0.0028231720707985186,0.0041662952264305275,0.006218040121837909
2024-06-27,83.58039855957031,86.38999938964844,105.91000366210938,24044.5,0.001987685714437193,0.013372426858046182,-0.0013201262198936359,0.007361040898544724
2024-06-28,83.45089721679688,86.41000366210938,105.87000274658205,24010.599609375,-0.001549422412494672,0.00023155773356031695,-0.00037768779288260834,-0.0014099020825968367
2024-07-01,83.36750030517578,86.5999984741211,105.9000015258789,24141.94921875,-0.0009993530854969235,0.0021987594486705397,0.00028335485518660164,0.005470484349075377
2024-07-02,83.44129943847656,86.23999786376953,105.72000122070312,24123.849609375,0.0008852266534395969,-0.004157051001093759,-0.0016997195711256907,-0.0007497161563467802
2024-07-03,83.4791030883789,87.33999633789062,105.4000015258789,24286.5,0.000453056821463127,0.012755084663368388,-0.0030268604911967145,0.006742306607722792
2024-07-05,83.49340057373047,86.54000091552734,104.87999725341795,24323.849609375,0.00017127023198160174,-0.00915955410930358,-0.004933626802019253,0.0015378753371213527
2024-07-08,83.47209930419922,85.75,105.01000213623048,24320.55078125,-0.0002551251881570682,-0.00912873708307993,0.0012395584116806635,-0.00013562113637344275
2024-07-09,83.45760345458984,84.66000366210938,105.12000274658205,24433.19921875,-0.00017366101643789822,-0.012711327555575802,0.0010475250748862575,0.004631820986013446
2024-07-10,83.49299621582031,85.08000183105469,105.0500030517578,24324.44921875,0.00042408072800381724,0.00496099870986999,-0.0006659027111424187,-0.004450911197766749
2024-07-11,83.49590301513672,85.4000015258789,104.44000244140624,24315.94921875,3.481488805223698e-05,0.0037611622935744826,-0.00580676432775562,-0.0003494426502141934
2024-07-12,83.51850128173828,85.02999877929688,104.08999633789062,24502.150390625,0.0002706512030592467,-0.00433258477717835,-0.0033512647963789277,0.007657573644356042
2024-07-15,83.52030181884766,84.8499984741211,104.19000244140624,24586.69921875,2.1558541900779105e-05,-0.002116903537103254,0.0009607657511196965,0.003450669707641296
2024-07-16,83.58760070800781,83.7300033569336,104.2699966430664,24613.0,0.0008057788070034988,-0.013199706980891679,0.0007677723369394762,0.0010697158254551198
2024-07-18,83.57209777832031,85.11000061035156,104.16999816894533,24800.849609375,-0.00018546925089590882,0.016481514368692496,-0.0009590340207201731,0.007632129743428306
2024-07-19,83.67430114746094,82.62999725341797,104.4000015258789,24530.900390625,0.0012229365046181329,-0.02913880083596143,0.002207961610602549,-0.010884676251089243
2024-07-22,83.73030090332031,82.4000015258789,104.30999755859376,24509.25,0.0006692587221097668,-0.0027834410647950003,-0.0008621069537324555,-0.0008825762723847497
2024-07-23,83.67130279541016,81.01000213623047,104.4499969482422,24479.05078125,-0.0007046207558513151,-0.01686892431927789,0.0013421473772903258,-0.0012321559717249908
2024-07-24,83.70680236816406,81.70999908447266,104.38999938964844,24413.5,0.00042427417248069865,0.008640870630580055,-0.0005744141727787033,-0.002677831825905974
2024-07-25,83.74299621582031,82.37000274658203,104.36000061035156,24406.099609375,0.00043238836787784507,0.008077391622866914,-0.0002873721570291199,-0.0003031269840456652
2024-07-26,83.73760223388672,81.12999725341797,104.31999969482422,24834.849609375,-6.44111409591197e-05,-0.015054090710413637,-0.000383297386866599,0.01756732976027453
2024-07-29,83.72779846191406,79.77999877929688,104.55999755859376,24836.099609375,-0.00011707729515919585,-0.01663994231263477,0.0023005930259933915,5.03324972633834e-05
2024-07-30,83.75050354003906,78.62999725341797,104.5500030517578,24857.30078125,0.00027117729764891685,-0.014414659607356772,-9.558633386885784e-05,0.0008536433743000504
2024-07-31,83.73899841308594,80.72000122070312,104.0999984741211,24951.150390625,-0.0001373738242376188,0.026580237063334122,-0.004304204347214902,0.00377553501085659
2024-08-01,83.7177963256836,79.5199966430664,104.41999816894533,25010.900390625,-0.00025319251249877883,-0.014866260647787732,0.003073964452591005,0.0023946791656728195
2024-08-02,83.743896484375,76.80999755859375,103.20999908447266,24717.69921875,0.0003117635656566531,-0.03407946678665952,-0.011587809861047571,-0.011722935491954689
2024-08-05,83.73529815673828,76.30000305175781,102.69000244140624,24055.599609375,-0.00010267408130837374,-0.006639689142639238,-0.005038239004738543,-0.02678645789462286
2024-08-06,84.00260162353516,76.4800033569336,102.97000122070312,23992.55078125,0.0031922435661067006,0.0023591126864526135,0.0027266410813131525,-0.0026209626510589334
2024-08-07,83.93489837646484,78.33000183105469,103.1999969482422,24297.5,-0.0008059660744048625,0.02418930953084719,0.0022336187706371025,0.012710162480444431
2024-08-08,83.94239807128906,79.16000366210938,103.20999908447266,24117.0,8.935133024867703e-05,0.010596218711252714,9.691992757976386e-05,-0.007428747813561065
2024-08-09,83.98899841308594,79.66000366210938,103.13999938964844,24367.5,0.0005551466585134168,0.00631632108222524,-0.0006782259029662896,0.010386864037815746
2024-08-12,83.94979858398438,82.30000305175781,103.13999938964844,24347.0,-0.00046672575982831255,0.033140839421077706,0.0,-0.0008412844977941925
2024-08-13,83.88999938964844,80.69000244140625,102.55999755859376,24139.0,-0.0007123208791991464,-0.019562582632458025,-0.005623442257969291,-0.008543146999630324
2024-08-14,83.88200378417969,79.76000213623047,102.56999969482422,24143.75,-9.531059157141808e-05,-0.011525595204326722,9.752473155755226e-05,0.00019677699987563635
2024-08-16,83.94830322265625,79.68000030517578,102.45999908447266,24541.150390625,0.0007903893026584008,-0.001003031957271583,-0.0010724442885721164,0.016459762490292462
2024-08-19,83.88980102539062,77.66000366210938,101.88999938964844,24572.650390625,-0.0006968836178911086,-0.025351363395203164,-0.005563143665014869,0.0012835584110202358
2024-08-20,83.87860107421875,77.19999694824219,101.44000244140624,24698.849609375,-0.00013350790006627644,-0.005923341387783498,-0.004416497702795397,0.005135759339910173
2024-08-21,83.77940368652344,76.05000305175781,101.04000091552734,24770.19921875,-0.0011826304495414774,-0.014896294584770153,-0.003943232612892977,0.0028887826964991703
2024-08-22,83.88860321044922,77.22000122070312,101.51000213623048,24811.5,0.0013034172973391822,0.015384590690272981,0.004651635158792855,0.001667357653657442
2024-08-23,83.94059753417969,79.0199966430664,100.72000122070312,24823.150390625,0.0006198019962262435,0.023309963661081845,-0.007782493339593688,0.00046955607782672715
2024-08-26,83.81379699707031,81.43000030517578,100.8499984741211,25010.599609375,-0.0015105984569354636,0.030498655587083423,0.0012906796251235253,0.007551387144671073
2024-08-27,83.88369750976562,79.55000305175781,100.5500030517578,25017.75,0.0008339976853424247,-0.02308728044175723,-0.002974669577613054,0.0002858944102370753
2024-08-28,83.92160034179688,78.6500015258789,101.08999633789062,25052.349609375,0.00045184980105150707,-0.011313657967974344,0.005370395522065419,0.0013830024432652799
2024-08-29,83.94149780273438,79.94000244140625,101.33999633789062,25151.94921875,0.0002370958234407805,0.01640179136046016,0.0024730439119255987,0.00397565940632294
2024-08-30,83.89510345458984,78.80000305175781,101.6999969482422,25235.900390625,-0.0005526985979397159,-0.014260687450992071,0.0035524040197441042,0.003337760073577778
2024-09-03,83.92729949951172,73.75,101.83000183105467,25279.849609375,0.000383765483277676,-0.06408633066220626,0.0012783174701433975,0.0017415355929335519
2024-09-04,83.95030212402344,72.69999694824219,101.36000061035156,25198.69921875,0.00027407797759360086,-0.014237329515360164,-0.004615547601412029,-0.0032100820170585243
2024-09-05,83.98249816894531,72.69000244140625,101.11000061035156,25145.099609375,0.00038351315132034713,-0.0001374760282735199,-0.002466456180885923,-0.0021270784221717465
2024-09-06,83.98359680175781,71.05999755859375,101.18000030517578,24852.150390625,1.3081687690430499e-05,-0.02242405871600306,0.0006923122777338087,-0.011650350298901935
2024-09-09,83.98259735107422,71.83999633789062,101.5500030517578,24936.400390625,-1.1900546316834237e-05,0.01097662265825039,0.0036568763141533456,0.003390048695012693
2024-09-10,83.98090362548828,69.19000244140625,101.62999725341795,25041.099609375,-2.0167578038354783e-05,-0.0368874447601647,0.0007877321443248153,0.0041986500501236534
2024-09-11,83.98200225830078,70.61000061035156,101.68000030517578,24918.44921875,1.3081936071968059e-05,0.020523169805461983,0.0004920107557726539,-0.004897963449619458
2024-09-12,83.99259948730469,71.97000122070312,101.37000274658205,25388.900390625,0.0001261845242901405,0.019260736419710156,-0.003048756467971425,0.01887963282727112
2024-09-13,83.93479919433594,71.61000061035156,101.11000061035156,25356.5,-0.0006881593535807973,-0.0050020925975474695,-0.0025648824029379513,-0.0012761636040355961
2024-09-16,83.88480377197266,72.75,100.76000213623048,25383.75,-0.0005956459399816261,0.015919555647701644,-0.0034615613886689323,0.0010746751326089488
2024-09-17,83.88400268554688,73.69999694824219,100.88999938964844,25418.55078125,-9.549839658173909e-06,0.01305837729542536,0.0012901672356278038,0.0013709866056039743
2024-09-18,83.77059936523438,73.6500015258789,100.5999984741211,25377.55078125,-0.001351906402673797,-0.0006783639678898945,-0.002874426774524319,-0.0016129951842196455
2024-09-19,83.69170379638672,74.87999725341797,100.61000061035156,25415.80078125,-0.0009418049941802842,0.01670055264162995,9.942481493219191e-05,0.0015072376499098983
2024-09-20,83.61470031738281,74.48999786376953,100.72000122070312,25790.94921875,-0.0009200849727142302,-0.005208325373311062,0.0010933367427119478,0.014760441377741573
2024-09-23,83.48709869384766,73.9000015258789,100.91999816894533,25939.05078125,-0.0015260668644485609,-0.007920477309848128,0.0019856726153522075,0.005742385099666292
2024-09-24,83.55960083007812,75.16999816894531,100.37000274658205,25940.400390625,0.0008684232338260767,0.01718533987609816,-0.005449816016074083,5.2030021699067674e-05
2024-09-25,83.56759643554688,73.45999908447266,100.91999816894533,26004.150390625,9.56874540964936e-05,-0.022748425251114313,0.005479679259867476,0.0024575565157058943
2024-09-26,83.62409973144531,71.5999984741211,100.55999755859376,26216.05078125,0.0006761388182561223,-0.025319910611661167,-0.0035671880388751243,0.008148714241454025
2024-09-27,83.61710357666016,71.9800033569336,100.41999816894533,26178.94921875,-8.366194443498731e-05,0.005307330878643102,-0.0013921976237804001,-0.0014152231703233875
2024-09-30,83.71640014648438,71.7699966430664,100.77999877929688,25810.849609375,0.001187515060638189,-0.0029175702149638605,0.0035849493817545763,-0.014060900852023384
2024-10-01,83.82730102539062,73.55999755859375,101.19000244140624,25796.900390625,0.001324721066746859,0.024940796979962876,0.004068303900332859,-0.0005404401234794243
2024-10-03,83.91960144042969,77.62000274658203,101.98999786376952,25250.099609375,0.0011010782156890553,0.05519311205460964,0.007905874128489199,-0.021196375260987388
2024-10-04,84.0093994140625,78.05000305175781,102.5199966430664,25014.599609375,0.001070047665759688,0.005539813063131005,0.005196576040768397,-0.009326695880144675
2024-10-07,84.02780151367188,80.93000030517578,102.54000091552734,24795.75,0.00021904810339945513,0.03689938681370886,0.00019512556687439897,-0.008748875168602677
2024-10-08,83.96410369873047,77.18000030517578,102.5500030517578,25013.150390625,-0.0007580564264916267,-0.046336339872226295,9.754375015758043e-05,0.00876764730346924
2024-10-09,83.91459655761719,76.58000183105469,102.93000030517578,24981.94921875,-0.0005896226950854455,-0.007774014922889982,0.0037054826144296005,-0.0012473907279866303
2024-10-10,83.94219970703125,79.4000015258789,102.98999786376952,24998.44921875,0.00032894336082645026,0.03682423122743583,0.0005828967105396821,0.0006604768849507447
2024-10-11,83.94599914550781,79.04000091552734,102.88999938964844,24964.25,4.526255554204717e-05,-0.004534012637697815,-0.0009709532594937009,-0.0013680536120755926
2024-10-14,84.16829681396484,77.45999908447266,103.3000030517578,25127.94921875,0.0026481031939558086,-0.01998990147714308,0.003984873792803434,0.006557345754428789
2024-10-15,84.04850006103516,74.25,103.26000213623048,25057.349609375,-0.0014233001909789156,-0.04144073228005141,-0.00038723053577527367,-0.0028096049048969007
2024-10-16,84.05619812011719,74.22000122070312,103.58999633789062,24971.30078125,9.15906777210207e-05,-0.00040402396359429105,0.0031957601668919366,-0.0034340754096676696
2024-10-17,84.03929901123047,74.44999694824219,103.83000183105467,24749.849609375,-0.0002010453632766973,0.003098837560715495,0.0023168790582943632,-0.008868227322834543
2024-10-18,84.05380249023438,73.05999755859375,103.48999786376952,24854.05078125,0.00017257972370732233,-0.018670241056084502,-0.003274621605404482,0.004210173941240125
2024-10-21,84.0687026977539,74.29000091552734,104.01000213623048,24781.099609375,0.00017726988045851932,0.016835524199780183,0.00502468144936552,-0.00293518237799828
2024-10-22,84.07350158691406,76.04000091552734,104.08000183105467,24472.099609375,5.7082945331243806e-05,0.023556332998162954,0.00067300926244096,-0.012469180337869368
2024-10-23,84.08399963378906,74.95999908447266,104.43000030517578,24435.5,0.0001248674871017208,-0.0142030749349209,0.0033627831280136355,-0.001495564743491773
2024-10-24,84.06759643554688,74.37999725341797,104.05999755859376,24399.400390625,-0.0001950810893109889,-0.007737484500247693,-0.003543069477168981,-0.0014773427748562273
2024-10-25,84.08180236816406,76.05000305175781,104.26000213623048,24180.80078125,0.00016898226212624934,0.022452350900874718,0.0019220121307814697,-0.008959220549493163
2024-10-28,84.10199737548828,71.41999816894531,104.31999969482422,24339.150390625,0.00024018285473692558,-0.060881061104776424,0.0005754609376982245,0.0065485676346082045
2024-10-29,84.10279846191406,71.12000274658203,104.27999877929688,24466.849609375,9.525177175007116e-06,-0.004200440073572009,-0.000383444360087859,0.0052466588480091225
2024-10-30,84.08930206298828,72.55000305175781,103.98999786376952,24340.849609375,-0.00016047502785410117,0.02010686515678617,-0.0027809831120263473,-0.005149825253829232
2024-10-31,84.08910369873047,73.16000366210938,103.9800033569336,24205.349609375,-2.3589713904481613e-06,0.00840800254572538,-9.611027061484645e-05,-0.005566773640794054
2024-11-01,84.09149932861328,73.0999984741211,104.27999877929688,24304.349609375,2.8489183228730397e-05,-0.000820191156159833,0.0028851261076947576,0.004090004961616156
2024-11-04,84.13359832763672,75.08000183105469,103.88999938964844,23995.349609375,0.0005006332311774386,0.0270862297984118,-0.0037399251458934968,-0.0127137736646451
2024-11-05,84.15249633789062,75.52999877929688,103.41999816894533,24213.30078125,0.0002246190657424485,0.005993566026473607,-0.004524027562463728,0.00908305881860727
2024-11-06,84.11630249023438,74.91999816894531,105.08999633789062,24484.05078125,-0.0004300983242484513,-0.008076269299752248,0.01614772963172184,0.011181870759630508
2024-11-07,84.2511978149414,75.62999725341797,104.51000213623048,24199.349609375,0.0016036763470754778,0.009476763238456032,-0.005519023902097353,-0.011628025706147627
2024-11-08,84.306396484375,73.87000274658203,105.0,24148.19921875,0.0006551677704906833,-0.02327111689477679,0.004688526014292815,-0.002113709312467793
2024-11-11,84.38289642333984,71.83000183105469,105.54000091552734,24141.30078125,0.0009074037339387164,-0.02761609367371698,0.00514286586216528,-0.00028567088740283353
2024-11-12,84.39649963378906,71.88999938964844,106.0199966430664,23883.44921875,0.00016120814792808247,0.0008352715726620552,0.004547998136964715,-0.010680930776533315
2024-11-13,84.39530181884766,72.27999877929688,106.4800033569336,23559.05078125,-1.419270878066925e-05,0.005424946348025594,0.004338867463049123,-0.013582562322921432
2024-11-14,84.4229965209961,72.55999755859375,106.66999816894533,23532.69921875,0.0003281545483169168,0.003873807194599399,0.001784323873233351,-0.0011185324376894457
2024-11-18,84.47750091552734,73.30000305175781,106.27999877929688,23453.80078125,0.0006456107550942836,0.010198532498109536,-0.0036561300866506663,-0.0033527151631265184
2024-11-19,84.39849853515625,73.30999755859375,106.20999908447266,23518.5,-0.0009351884172105196,0.0001363507014984222,-0.0006586346972922152,0.002758581406631766
2024-11-21,84.38310241699219,74.2300033569336,106.97000122070312,23349.900390625,-0.0001824217069175127,0.012549527062861054,0.007155655237564007,-0.007168807933116472
2024-11-22,84.48829650878906,75.16999816894531,107.48999786376952,23907.25,0.001246625079948327,0.012663273198194158,0.004861144593179212,0.023869464111237804
2024-11-25,84.43599700927734,73.01000213623047,106.81999969482422,24221.900390625,-0.0006190147236105892,-0.028734815555805038,-0.006233121055546409,0.013161295867362366
2024-11-26,84.37750244140625,72.80999755859375,107.01000213623048,24194.5,-0.0006927681314009559,-0.0027394133924764086,0.0017787159890383375,-0.0011312238174179257
2024-11-27,84.33910369873047,72.83000183105469,106.08000183105467,24274.900390625,-0.0004550827123905865,0.0002747462317223004,-0.008690779241288693,0.003323085437806128
2024-11-29,84.47160339355469,72.94000244140625,105.73999786376952,24131.099609375,0.0015710351309581316,0.0015103749496907515,-0.0032051655487964625,-0.005923846398378507
2024-12-02,84.55699920654297,71.83000183105469,106.4499969482422,24276.05078125,0.0010109410684489006,-0.015217995245383253,0.00671457441664991,0.006006820004948565
2024-12-03,84.73709869384766,73.62000274658203,106.37000274658205,24457.150390625,0.002129918149824217,0.024919961992169393,-0.0007514720897460192,0.007460011144599932
2024-12-04,84.68309783935547,72.30999755859375,106.33999633789062,24467.44921875,-0.0006372752351043731,-0.01779414750224384,-0.00028209464996353795,0.00042109681465385407
2024-12-05,84.70700073242188,72.08999633789062,105.70999908447266,24708.400390625,0.0002822628561811591,-0.003042473076075747,-0.005924367830671962,0.009847825562885104
2024-12-06,84.68379974365234,71.12000274658203,105.97000122070312,24677.80078125,-0.0002738969455762241,-0.013455314753550107,0.002459579401024259,-0.0012384293961259507
2024-12-09,84.66600036621094,72.13999938964844,106.1500015258789,24619.0,-0.0002101863342846011,0.014341909500494632,0.001698596801946728,-0.0023827399277279726
2024-12-10,84.84729766845703,72.19000244140625,106.4000015258789,24610.05078125,0.0021413235709957235,0.0006931390654403291,0.0023551577617175745,-0.0003635086213900074
2024-12-11,84.8740005493164,73.5199966430664,106.70999908447266,24641.80078125,0.00031471692785922656,0.01842352343372844,0.0029135108472564397,0.0012901233029631864
2024-12-12,84.85710144042969,73.41000366210938,106.95999908447266,24548.69921875,-0.0001991081930549088,-0.0014960961096208703,0.002342798258315959,-0.003778196379659149
2024-12-13,84.83920288085938,74.48999786376953,107.0,24768.30078125,-0.0002109258891299648,0.014711812393187529,0.0003739801408912946,0.008945547808588916
2024-12-16,84.802001953125,73.91000366210938,106.86000061035156,24668.25,-0.00043848747361074913,-0.007786202420368871,-0.0013084055107330794,-0.004039468921733236
2024-12-17,84.91729736328125,73.19000244140625,106.95999908447266,24336.0,0.0013595835888400298,-0.009741593627768164,0.0009357895709332098,-0.013468730047733413
2024-12-18,84.91539764404297,73.38999938964844,108.02999877929688,24198.849609375,-2.237140485239486e-05,0.002732571957519747,0.0100037369482322,-0.005635699812006956
2024-12-19,85.16549682617188,72.87999725341797,108.41000366210938,23951.69921875,0.002945274815497001,-0.006949204802724207,0.0035175866620977825,-0.010213311567061067
2024-12-20,85.27940368652344,72.94000244140625,107.62000274658205,23587.5,0.0013374766143154915,0.0008233423470040968,-0.007287158830744045,-0.01520556915080562
2024-12-23,84.94499969482422,72.62999725341797,108.04000091552734,23753.44921875,-0.003921274976645517,-0.0042501395340275305,0.003902603217120326,0.0070354729729729115
2024-12-24,85.0988998413086,73.58000183105469,108.26000213623048,23727.650390625,0.0018117622819151524,0.013080058014073748,0.002036294139567296,-0.0010861087115143775
2024-12-26,85.41339874267578,73.26000213623047,108.12999725341795,23750.19921875,0.003695687041238571,-0.0043490036268137855,-0.0012008579368854022,0.0009503186263191132
2024-12-27,85.26090240478516,74.16999816894531,108.0,23813.400390625,-0.0017853912867938915,0.012421457905811506,-0.0012022311728473456,0.002661079652128029
2024-12-30,85.38600158691406,74.38999938964844,108.12999725341795,23644.900390625,0.0014672514435161155,0.0029661753557281845,0.001203678272388542,-0.007075847935867907
2024-12-31,85.7865982055664,74.63999938964844,108.48999786376952,23644.80078125,0.0046915959432130006,0.003360666783857935,0.003329331540699476,-4.212721278373799e-06
2025-01-02,85.78569793701172,75.93000030517578,109.38999938964844,24188.650390625,-1.0494279683803676e-05,0.017282970606592007,0.008295709683846075,0.02300081165438561
2025-01-03,85.80400085449219,76.51000213623047,108.9499969482422,24004.75,0.00021335628106577964,0.0076386385977025295,-0.004022327853197449,-0.007602755327609123
2025-01-06,85.75900268554688,76.30000305175781,108.26000213623048,23616.05078125,-0.0005244297293505173,-0.002744727207022457,-0.006333132917291429,-0.016192595996625703
2025-01-07,85.68070220947266,77.05000305175781,108.54000091552734,23707.900390625,-0.0009130292286784192,0.009829619528209488,0.00258635482885472,0.0038892874268343647
2025-01-08,85.80650329589844,76.16000366210938,109.08999633789062,23688.94921875,0.0014682546148865327,-0.011550932568433314,0.005067214093643857,-0.0007993610384197103
2025-01-09,85.90750122070312,76.91999816894531,109.18000030517578,23526.5,0.0011770427756088164,0.009978918990179109,0.0008250432698373444,-0.006857594959147506
2025-01-10,85.91999816894531,79.76000213623047,109.6500015258789,23431.5,0.00014546981421426075,0.036921529314749124,0.004304828900800528,-0.004037999702463213
2025-01-13,86.18800354003906,81.01000213623047,109.95999908447266,23085.94921875,0.0031192432123516856,0.01567201562839715,0.002827155077791632,-0.014747275302477436
2025-01-14,86.65059661865234,79.91999816894531,109.2699966430664,23176.05078125,0.0053672559940245446,-0.013455177614390745,-0.006275031349137983,0.003902874499386977
2025-01-15,86.535400390625,82.02999877929688,109.08999633789062,23213.19921875,-0.001329433754903242,0.026401409643318052,-0.001647298533043462,0.0016028803979861728
2025-01-16,86.43099975585938,81.29000091552734,108.95999908447266,23311.80078125,-0.0012064500111440557,-0.00902106393735913,-0.0011916514600964767,0.004247650725383689
2025-01-17,86.6061019897461,80.79000091552734,109.3499984741211,23203.19921875,0.002025919338910054,-0.006150817989528323,0.003579289582648526,-0.004658651792672774
2025-01-21,86.21109771728516,79.29000091552734,108.05999755859376,23024.650390625,-0.004560928888217464,-0.018566654078496336,-0.011796990704417976,-0.007695009056368329
2025-01-22,86.45189666748047,79.0,108.16999816894533,23155.349609375,0.002793131703124452,-0.0036574714614557857,0.0010179586603442647,0.0056764909144164655
2025-01-23,86.47270202636719,78.29000091552734,108.0500030517578,23205.349609375,0.00024065821212393423,-0.008987330183198194,-0.00110931976720674,0.0021593282262408753
2025-01-24,86.44020080566406,78.5,107.44000244140624,23092.19921875,-0.0003758552692526562,0.0026823231832535654,-0.0056455399641160975,-0.004876047658393667
2025-01-27,86.2030029296875,77.08000183105469,107.33999633789062,22829.150390625,-0.0027440690068482043,-0.01808914864898492,-0.0009308088350998833,-0.011391241935562957
2025-01-28,86.46839904785156,77.48999786376953,107.87000274658205,22957.25,0.0030787340248521478,0.005319097340104939,0.004937641389729963,0.005611229817278129
2025-01-29,86.58460235595703,76.58000183105469,108.0,23163.099609375,0.0013438818040467648,-0.011743399894198592,0.0012051288598124987,0.008966649288351114
2025-01-30,86.6406021118164,76.87000274658203,107.8000030517578,23249.5,0.0006467634467979266,0.0037869013919211714,-0.0018518235948351558,0.003730087599762788
2025-01-31,86.64700317382812,76.76000213623047,108.37000274658205,23508.400390625,7.388062704660747e-05,-0.0014309952702122875,0.005287566592651949,0.011135740150325812
2025-02-03,86.55400085449219,75.95999908447266,108.98999786376952,23361.05078125,-0.0010733472125903365,-0.010422134308151754,0.005721095335185167,-0.006267955578711404
2025-02-04,86.94339752197266,76.19999694824219,107.95999908447266,23739.25,0.004498886979645178,0.0031595295769111242,-0.00945039727943009,0.016189306820631133
2025-02-05,87.13009643554688,74.61000061035156,107.58000183105467,23696.30078125,0.0021473616041636223,-0.020866094508778077,-0.003519796745465431,-0.001809207062143936
2025-02-06,87.33409881591797,74.29000091552734,107.69000244140624,23603.349609375,0.002341353776900812,-0.004288965181697413,0.0010225005435891,-0.003922602634608197
2025-02-07,87.58830261230469,74.66000366210938,108.04000091552734,23559.94921875,0.0029107049804513174,0.004980518804983625,0.0032500554014895933,-0.0018387386257991967
2025-02-10,87.51309967041016,75.87000274658203,108.31999969482422,23381.599609375,-0.0008585957217073226,0.01620679112137169,0.0025916214080357047,-0.007570033692307909
2025-02-11,87.49009704589844,77.0,107.95999908447266,23071.80078125,-0.00026284778619833915,0.014893860715839757,-0.00332349161157508,-0.013249684936046169
2025-02-12,86.81120300292969,75.18000030517578,107.94000244140624,23045.25,-0.0077596672754013385,-0.023636359673041785,-0.00018522270503884553,-0.0011507892904301098
2025-02-13,86.8740005493164,75.0199966430664,107.30999755859376,23031.400390625,0.0007233806722457548,-0.0021282742944915833,-0.005836620979830509,-0.0006009745771905495
2025-02-14,86.75409698486328,74.73999786376953,106.56999969482422,22929.25,-0.0013802007930445725,-0.0037323219384968187,-0.006895889298343283,-0.004435266153706374
2025-02-18,86.85479736328125,75.83999633789062,107.0500030517578,22945.30078125,0.0011607564589777297,0.014717667989850414,0.004504113336850191,0.0007000133563024313
2025-02-19,86.88719940185547,76.04000091552734,107.16999816894533,22932.900390625,0.0003730598603401969,0.002637191288164642,0.00112092586423862,-0.0005404326900405598
2025-02-20,86.872802734375,76.4800033569336,106.33999633789062,22913.150390625,-0.00016569376823716286,0.005786460232885204,-0.00774472189265385,-0.0008612081186238907
2025-02-21,86.45120239257812,74.43000030517578,106.61000061035156,22795.900390625,-0.004853076319938365,-0.02680443203160454,0.002539066031213899,-0.005117148798882476
2025-02-24,86.52940368652344,74.77999877929688,106.5999984741211,22553.349609375,0.000904571501391116,0.004702384424103645,-9.381986842893486e-05,-0.010640105330068539
2025-02-25,86.69010162353516,73.0199966430664,106.30999755859376,22547.55078125,0.001857148323752389,-0.023535733684950655,-0.002720458908803236,-0.00025711604818956513
2025-02-27,87.16220092773438,74.04000091552734,107.23999786376952,22545.05078125,0.005445827093955691,0.0139688348309146,0.008748004200293424,-0.00011087678764998277
2025-02-28,87.3270034790039,73.18000030517578,107.61000061035156,22124.69921875,0.001890757111631114,-0.01161535115771728,0.0034502308276065374,-0.018644959666695105
2025-03-03,87.46399688720703,71.62000274658203,106.75,22119.30078125,0.0015687405126187937,-0.021317266358133913,-0.007991827947901986,-0.00024400049223838316
2025-03-04,87.32959747314453,71.04000091552734,105.73999786376952,22082.650390625,-0.0015366255698995301,-0.008098321820887766,-0.009461378325344105,-0.0016569416451024388
2025-03-05,87.21700286865234,69.30000305175781,105.73999786376952,22337.30078125,-0.0012893063491654644,-0.024493212856775415,0.0,0.011531695069225467
2025-03-06,86.88929748535156,69.45999908447266,104.05999755859376,22544.69921875,-0.003757356622243746,0.002308744959150344,-0.015888030443694467,0.009284847776867
2025-03-07,87.12879943847656,70.36000061035156,103.83999633789062,22552.5,0.0027564033782800923,0.012957119748653989,-0.002114176685226843,0.00034601398645017767
2025-03-10,87.07379913330078,69.27999877929688,103.91000366210938,22460.30078125,-0.0006312528754011115,-0.015349656362791397,0.0006741845790416701,-0.004088203913091726
2025-03-11,87.3551025390625,69.55999755859375,103.44000244140624,22497.900390625,0.0032306320450203874,0.004041552890161837,-0.004523156617638802,0.0016740474556060647
2025-03-12,87.20010375976562,70.94999694824219,103.61000061035156,22470.5,-0.0017743528974459855,0.019982740633042395,0.001643447070118098,-0.0012179087892316698
2025-03-13,87.3405990600586,69.87999725341797,103.83000183105467,22397.19921875,0.001611182719231996,-0.015081039335417823,0.0021233589364648697,-0.003262089461738671
2025-03-17,86.93900299072266,71.06999969482422,103.37000274658205,22508.75,-0.00459804573884115,0.017029228508563587,-0.004430309894640216,0.004980568336268254
2025-03-18,86.91639709472656,70.55999755859375,103.23999786376952,22834.30078125,-0.0002600201890802234,-0.0071760537275985525,-0.001257665467333302,0.01446329899483545
2025-03-19,86.57610321044922,70.77999877929688,103.43000030517578,22907.599609375,-0.0039151862669418724,0.0031179312402955794,0.001840395634809866,0.0032100316461272094
2025-03-20,86.33709716796875,72.0,103.8499984741211,23190.650390625,-0.0027606468022647324,0.017236525031701033,0.004060699678101853,0.012356195589090069
2025-03-21,86.33609771728516,72.16000366210938,104.08999633789062,23350.400390625,-1.157614416491537e-05,0.0022222730848524552,0.0023110049811829736,0.0068885519512889015
2025-03-24,85.98699951171875,73.0,104.26000213623048,23658.349609375,-0.004043479086923263,0.011640746885545061,0.0016332577992221875,0.013188177230298859
2025-03-25,85.53209686279297,73.0199966430664,104.18000030517578,23668.650390625,-0.0052903654216215346,0.00027392661734793045,-0.0007673300346777712,0.00043539728764163677
2025-03-26,85.59040069580078,73.79000091552734,104.5500030517578,23486.849609375,0.0006816602789634363,0.010545115144620532,0.0035515717555976156,-0.007681079328545448
2025-03-27,86.09539794921875,74.02999877929688,104.06999969482422,23591.94921875,0.005900162276524457,0.003252444244366881,-0.0045911367089673805,0.004474827877002596
2025-03-28,85.69490051269531,73.62999725341797,104.04000091552734,23519.349609375,-0.004651786809321212,-0.005403235613597901,-0.0002882557834615884,-0.0030773044101545244
2025-04-01,85.46810150146484,74.48999786376953,104.26000213623048,23165.69921875,-0.002646587018289015,0.011680030455408552,0.002114583033133277,-0.015036571865236992
2025-04-02,85.61009979248047,74.94999694824219,103.80999755859376,23332.349609375,0.0016614185704497686,0.006175313433542051,-0.004316176562597085,0.0071938424586863725
2025-04-03,85.65119934082031,70.13999938964844,102.06999969482422,23250.099609375,0.00048007826692719746,-0.06417608745088232,-0.016761370818715537,-0.0035251486188494496
2025-04-04,85.28289794921875,65.58000183105469,103.0199966430664,22904.44921875,-0.004300014412361386,-0.06501279723801556,0.009307308230455114,-0.014866619775066536
2025-04-07,85.529296875,64.20999908447266,103.26000213623048,22161.599609375,0.0028891950403464595,-0.020890556699150298,0.002329698126429136,-0.03243254628305536
2025-04-08,86.0270004272461,62.81999969482422,102.95999908447266,22535.849609375,0.005819100243200648,-0.021647709227028633,-0.0029053171174839854,0.016887318902814252
2025-04-09,86.435302734375,65.4800033569336,102.9000015258789,22399.150390625,0.0047462111325642375,0.04234326130263466,-0.000582726875750339,-0.006065856008070525
2025-04-11,86.2603988647461,64.76000213623047,99.77999877929688,22828.55078125,-0.002023523538367211,-0.010995741963823247,-0.03032072595059543,0.019170387409190415
2025-04-15,86.0447998046875,64.66999816894531,100.22000122070312,23328.55078125,-0.0024993979032794655,-0.0013898079727641122,0.0044097258647946,0.02190239778210845
2025-04-16,85.72669982910156,65.8499984741211,99.37999725341795,23437.19921875,-0.00369691110105419,0.018246487375693565,-0.008381600050426319,0.004657316201027051
2025-04-17,85.62049865722656,67.95999908447266,99.37999725341795,23851.650390625,-0.0012388342498511618,0.032042530892096854,0.0,0.017683476937954135
2025-04-22,85.15889739990234,67.44000244140625,98.91999816894533,24167.25,-0.005391247009342903,-0.007651510448375087,-0.004628688842681639,0.013231772401755881
2025-04-23,85.2323989868164,66.12000274658203,99.83999633789062,24328.94921875,0.0008631110683468002,-0.01957294850294633,0.00930042646557716,0.006690840652122221
2025-04-24,85.4999008178711,66.55000305175781,99.29000091552734,24246.69921875,0.0031384993762297864,0.006503331629066134,-0.005508768454897783,-0.0033807460922566923
2025-04-25,85.2573013305664,66.87000274658203,99.47000122070312,24039.349609375,-0.0028374241956311552,0.0048084099196110675,0.0018128744437106992,-0.00855166336268387
2025-04-28,85.38490295410156,65.86000061035156,99.01000213623048,24328.5,0.001496665054414592,-0.015103964329986397,-0.004624500641675855,0.012028211882747275
2025-04-29,85.1603012084961,64.25,99.23999786376952,24335.94921875,-0.0026304620352640695,-0.02444580314957534,0.002322954475069805,0.0003061930965739812
2025-04-30,85.1707992553711,63.119998931884766,99.47000122070312,24334.19921875,0.00012327395190037116,-0.017587565262493943,0.002317647741683082,-7.191007773188485e-05
2025-05-02,84.69670104980469,61.290000915527344,100.0,24346.69921875,-0.005566440725123356,-0.028992364501340462,0.005328227332790814,0.0005136803511647248
2025-05-05,84.52629852294922,60.22999954223633,99.83000183105467,24461.150390625,-0.00201191456979255,-0.017294850015616037,-0.0016999816894532893,0.004700890697612925
2025-05-06,84.2208023071289,62.150001525878906,99.23999786376952,24379.599609375,-0.0036142149976834403,0.031877834936661076,-0.005910086712045071,-0.0033338898599493128
2025-05-07,84.79319763183594,61.119998931884766,99.61000061035156,24414.400390625,0.006796365138147964,-0.01657284905399803,0.003728363105065302,0.0014274549954715887
2025-05-08,84.81719970703125,62.84000015258789,100.63999938964844,24273.80078125,0.0002830660461647927,0.028141381720572012,0.01034031495819332,-0.005758880297096702
2025-05-09,86.08219909667969,63.90999984741211,100.33999633789062,24008.0,0.014914420589431154,0.017027366203469896,-0.0029809524401553933,-0.0109501096942064
2025-05-12,85.4083023071289,64.95999908447266,101.79000091552734,24924.69921875,-0.00782852664804623,0.016429341880260795,0.014450913200693138,0.038183073090219954
2025-05-13,84.9656982421875,66.62999725341797,101.0,24578.349609375,-0.005182213590311124,0.025708100253722055,-0.007761085651064481,-0.01389583907654357
2025-05-14,85.060302734375,66.08999633789062,101.04000091552734,24666.900390625,0.0011134433559039092,-0.008104471526143464,0.0003960486685876674,0.0036027960647213586
2025-05-15,85.48760223388672,64.52999877929688,100.87999725341795,25062.099609375,0.005023489051597663,-0.023604140490765535,-0.0015835675045485775,0.01602143814146184
2025-05-16,85.44490051269531,65.41000366210938,101.08999633789062,25019.80078125,-0.0004995077657526936,0.013637143955670394,0.0020816721866590004,-0.0016877607536591732
2025-05-19,85.50029754638672,65.54000091552734,100.43000030517578,24945.44921875,0.000648336335568489,0.001987421589050742,-0.006528796682401916,-0.0029717088137536374
2025-05-20,85.37210083007812,65.37999725341797,100.12000274658205,24683.900390625,-0.0014993715810057706,-0.0024413130893238266,-0.003086702754672377,-0.010484831354666824
2025-05-21,85.53610229492188,64.91000366210938,99.55999755859376,24813.44921875,0.0019210194343250997,-0.0071886450145731695,-0.005593339718594881,0.00524831270888626
2025-05-22,85.60030364990234,64.44000244140625,99.95999908447266,24609.69921875,0.0007505761106474385,-0.007240813344422614,0.004017693206987971,-0.008211272774042211
2025-05-23,85.97489929199219,64.77999877929688,99.11000061035156,24853.150390625,0.004376101790735554,0.005276168916966917,-0.008503386173531191,0.009892488718005854
2025-05-27,85.158203125,64.08999633789062,99.5199966430664,24826.19921875,-0.009499239588737218,-0.01065147351664919,0.004136777622741894,-0.0010844167218803102
2025-05-28,85.3604965209961,64.9000015258789,99.87999725341795,24752.44921875,0.0023755009919497194,0.012638558812171352,0.00361736959902359,-0.0029706520659956714
2025-05-29,85.38590240478516,64.1500015258789,99.27999877929688,24833.599609375,0.0002976304593402812,-0.011556240098098303,-0.0060071935384494735,0.003278479228775888
2025-05-30,85.36129760742188,63.900001525878906,99.33000183105467,24750.69921875,-0.0002881599499485743,-0.0038971160413635575,0.0005036568530683017,-0.00333823496911434
2025-06-02,85.52429962158203,64.62999725341797,98.6999969482422,24716.599609375,0.0019095540804663358,0.011424033022024549,-0.006342543755148755,-0.0013777230725331435
2025-06-03,85.36370086669922,65.62999725341797,99.25,24542.5,-0.0018778143240389955,0.01547269135845597,0.0055724728344845875,-0.007043833380258491
2025-06-04,85.70880126953125,64.86000061035156,98.79000091552734,24620.19921875,0.004042706669558749,-0.01173238877480387,-0.0046347514808328105,0.003165904807986175
2025-06-05,85.9041976928711,65.33999633789062,98.73999786376952,24750.900390625,0.002279770810530657,0.0074004890999408435,-0.0005061549883027538,0.005308696762106768
2025-06-06,85.87750244140625,66.47000122070312,99.19000244140624,25003.05078125,-0.0003107560769065598,0.01729422935637981,0.004557469995670749,0.01018752395450262
2025-06-09,85.7853012084961,67.04000091552734,98.94000244140624,25103.19921875,-0.0010736366369418215,0.0085752923778597,-0.0025204153024159792,0.004005448710087123
2025-06-10,85.75599670410156,66.87000274658203,99.0500030517578,25104.25,-0.00034160286181550426,-0.0025357721751751994,0.0011117910616256221,4.18584595869298e-05
2025-06-11,85.65280151367188,69.7699966430664,98.62999725341795,25141.400390625,-0.0012033583002453163,0.04336763537268751,-0.004240341094390199,0.0014798446727146697
2025-06-12,85.46980285644531,69.36000061035156,97.91999816894533,24888.19921875,-0.0021365168913635157,-0.00587639461719236,-0.007198612027214946,-0.010071084662786611
2025-06-13,85.68840026855469,74.2300033569336,98.18000030517578,24718.599609375,0.0025575981785816992,0.07021341845050699,0.002655250623900818,-0.006814458847919758
2025-06-16,86.24919891357422,73.2300033569336,98.0,24946.5,0.006544627315505203,-0.013471641583949756,-0.0018333703872099871,0.00921979376770854
2025-06-17,86.10420227050781,76.44999694824219,98.81999969482422,24853.400390625,-0.001681136113643178,0.04397096058583916,0.008367343824736917,-0.0037319707924959866
2025-06-18,86.36270141601562,76.69999694824219,98.91000366210938,24812.05078125,0.0030021664296442374,0.0032701113143176475,0.0009107869617801523,-0.0016637405234334324
2025-06-20,86.58380126953125,77.01000213623047,98.70999908447266,25112.400390625,0.0025601312822600697,0.004041788791692813,-0.0020220864445619213,0.012104989306324088
2025-06-23,86.5802993774414,71.4800033569336,98.41999816894533,24971.900390625,-4.044511835354925e-05,-0.07180883814954742,-0.002937908197923833,-0.0055948454872697395
2025-06-24,86.23300170898438,67.13999938964844,97.86000061035156,25044.349609375,-0.004011278211721203,-0.060716336925915604,-0.005689875726602733,0.0029012296868362597
2025-06-25,85.90480041503906,67.68000030517578,97.68000030517578,25244.75,-0.003805982482819159,0.008042909151569022,-0.0018393654614052846,0.008001820520425307
2025-06-26,86.006103515625,67.7300033569336,97.1500015258789,25549.0,0.0011792484249599777,0.0007388157732319822,-0.005425867911967974,0.012052010814129765
2025-06-27,85.66639709472656,67.7699966430664,97.4000015258789,25637.80078125,-0.003949794340313506,0.0005904810888912593,0.0025733401551559787,0.003475704773181043
2025-06-30,85.4552993774414,67.61000061035156,96.87999725341795,25517.05078125,-0.0024641834423331233,-0.0023608682402260772,-0.005338852816370698,-0.004709842354665206
2025-07-01,85.71399688720703,67.11000061035156,96.81999969482422,25541.80078125,0.0030272845762671086,-0.007395355649848168,-0.0006192976909030756,0.0009699396772837598
2025-07-02,85.6427993774414,69.11000061035156,96.77999877929688,25453.400390625,-0.0008306404128991529,0.029801817639851125,-0.000413147238725764,-0.0034610085397696055
2025-07-03,85.69409942626953,68.80000305175781,97.18000030517578,25405.30078125,0.0005990001401290357,-0.004485567296425685,0.004133101166813313,-0.00188971251922454
2025-07-07,85.49629974365234,69.58000183105469,97.4800033569336,25461.30078125,-0.0023082065619625114,0.01133719105666442,0.003087086343030565,0.0022042643967170594
2025-07-08,85.89199829101562,70.1500015258789,97.51000213623048,25522.5,0.004628253486405054,0.008192004596496272,0.0003077429038143009,0.0024036171315751087
2025-07-09,85.7073974609375,70.19000244140625,97.47000122070312,25476.099609375,-0.002149220343583891,0.0005702197385211161,-0.00041022371706522787,-0.00181801902732881
2025-07-10,85.70850372314453,68.63999938964844,97.6500015258789,25355.25,1.2907429694619665e-05,-0.022082960504976934,0.001846725176172015,-0.004743646446198069
2025-07-11,85.73480224609375,70.36000061035156,97.8499984741211,25149.849609375,0.0003068367992302701,0.02505829306523144,0.0020480997963854275,-0.008100901810276007
2025-07-14,85.82129669189453,69.20999908447266,98.08000183105467,25082.30078125,0.0010088603873197322,-0.01634453547332282,0.0023505708791033975,-0.002685854157148504
2025-07-15,85.96839904785156,68.70999908447266,98.62000274658205,25195.80078125,0.0017140542222886523,-0.007224389634649997,0.00550571885650597,0.004525103218794291
2025-07-16,85.99310302734375,68.5199966430664,98.38999938964844,25212.05078125,0.0002873611671940779,-0.002765280802473291,-0.0023322181152705124,0.0006449487413033861
2025-07-17,85.88520050048828,69.5199966430664,98.7300033569336,25111.44921875,-0.001254781174964248,0.014594279757618622,0.003455676078812253,-0.003990217351728331
2025-07-18,86.04650115966797,69.27999877929688,98.4800033569336,24968.400390625,0.0018780960891948695,-0.00345221339698476,-0.0025321583257339464,-0.0056965580472427835
2025-07-21,86.14859771728516,69.20999908447266,97.8499984741211,25090.69921875,0.0011865277058475954,-0.0010103882225404037,-0.006397287381572192,0.004898144302865282
2025-07-22,86.19529724121094,68.58999633789062,97.38999938964844,25060.900390625,0.0005420810687950528,-0.008958282831723507,-0.004701063787898918,-0.0011876443882732346
2025-07-23,86.3427963256836,68.51000213623047,97.20999908447266,25219.900390625,0.0017112196279094327,-0.0011662663060381107,-0.0018482421840421148,0.006344544590244583
2025-07-24,86.39869689941406,69.18000030517578,97.37999725341795,25062.099609375,0.0006474260286823963,0.009779567188058724,0.0017487724570142138,-0.006256994627491075
2025-07-25,86.4302978515625,68.44000244140625,97.6500015258789,24837.0,0.00036575727739540653,-0.01069670223337893,0.002772687205549129,-0.008981674037030651
2025-07-28,86.506103515625,70.04000091552734,98.66000366210938,24680.900390625,0.0008770728083420387,0.023378118308673423,0.010343083670744324,-0.006284962329387578
2025-07-29,86.77760314941406,72.51000213623047,98.91000366210938,24821.099609375,0.003138502634557172,0.03526557950337694,0.0025339549029026465,0.005680474234370125
2025-07-30,87.06320190429688,73.23999786376953,99.94000244140624,24855.05078125,0.003291157447516291,0.010067517666977333,0.010413494501683385,0.001367835124523431
2025-07-31,87.714599609375,72.52999877929688,100.02999877929688,24768.349609375,0.007481894656185206,-0.009694143981179404,0.0009005036591169802,-0.0034882717656889994
2025-08-01,87.4894027709961,69.66999816894531,98.69000244140624,24565.349609375,-0.0025673814779043624,-0.03943196826811379,-0.013395944759003409,-0.008195943742782208
2025-08-04,87.24530029296875,68.76000213623047,98.77999877929688,24722.75,-0.0027900805159943864,-0.013061519400476507,0.0009119093693819025,0.006407415043054421
2025-08-05,87.89330291748047,67.63999938964844,98.77999877929688,24649.55078125,0.007427364251549662,-0.016288579287170868,0.0,-0.0029608040671041946
2025-08-06,87.72309875488281,66.88999938964844,98.18000030517578,24574.19921875,-0.0019364861365769315,-0.011088113642336639,-0.0060740886974666175,-0.003056914228121266
2025-08-07,87.76249694824219,66.43000030517578,98.4000015258789,24596.150390625,0.0004491199458134254,-0.00687694855239962,0.002240794663060486,0.0008932609229541644
2025-08-08,87.43319702148438,66.58999633789062,98.18000030517578,24363.30078125,-0.0037521713511867727,0.0024084906214034696,-0.002235784728572998,-0.009466912735407229
2025-08-11,87.48829650878906,66.62999725341797,98.5199966430664,24585.05078125,0.0006301895525009371,0.0006007045761704521,0.003462989782377246,0.009101804471857822
2025-08-12,87.66449737548828,66.12000274658203,98.0999984741211,24487.400390625,0.0020139935709173606,-0.0076541276881079146,-0.0042630753477077565,-0.003971941790719136
2025-08-13,87.59559631347656,65.62999725341797,97.83999633789062,24619.349609375,-0.0007859631216112772,-0.007410851070924873,-0.0026503785960716453,0.005388453516712133
2025-08-14,87.44999694824219,66.83999633789062,98.25,24631.30078125,-0.0016621767687192701,0.018436677359599418,0.004190552713160711,0.00048543816407109475
2025-08-18,87.51280212402344,66.5999984741211,98.16999816894533,24876.94921875,0.0007181838533216744,-0.0035906325092582847,-0.0008142680005565062,0.009973019276634965
2025-08-19,87.29509735107422,65.79000091552734,98.2699966430664,24980.650390625,-0.0024876905740109923,-0.012162125783058308,0.0010186256084978584,0.004168564680625764
2025-08-20,87.0791015625,66.83999633789062,98.22000122070312,25050.55078125,-0.0024743175175754306,0.015959802519404764,-0.0005087557145735389,0.0027981813736617234
2025-08-21,87.01820373535156,67.66999816894531,98.62000274658205,25083.75,-0.0006993391761710432,0.012417742018698608,0.004072505812539262,0.0013252889742787488
2025-08-22,87.29340362548828,67.7300033569336,97.72000122070312,24870.099609375,0.003162555400174405,0.0008867325197567943,-0.009125953161769784,-0.008517482060098724
2025-08-25,87.3301010131836,68.80000305175781,98.43000030517578,24967.75,0.00042039130302162775,0.015798016267404735,0.0072656475194787795,0.003926417350905487
2025-08-26,87.60859680175781,67.22000122070312,98.2300033569336,24712.05078125,0.0031890011043520516,-0.022965141874573214,-0.0020318698325928475,-0.010241179872034878
2025-08-28,87.65910339355469,68.62000274658203,97.80999755859376,24500.900390625,0.0005765026908393089,0.020827157102873084,-0.004275738409716623,-0.008544430103923584
2025-08-29,87.5916976928711,68.12000274658203,97.7699966430664,24426.849609375,-0.0007689526594969465,-0.007286505100364549,-0.0004089655099254186,-0.0030223697933294824
2025-09-02,88.00140380859375,69.13999938964844,98.4000015258789,24579.599609375,0.004677453760049799,0.014973526158843065,0.0064437445478544575,0.006253364737685008
2025-09-03,87.99829864501953,67.5999984741211,98.13999938964844,24715.05078125,-3.5285386821515274e-05,-0.022273661109663112,-0.0026422980914495575,0.0055107151470170646
2025-09-04,88.072998046875,66.98999786376953,98.3499984741211,24734.30078125,0.0008488732510250063,-0.009023677871606517,0.002139790969825528,0.0007788776228048189
2025-09-05,88.19290161132812,65.5,97.7699966430664,24741.0,0.0013614111829065578,-0.022242094510878774,-0.005897324250668912,0.00027084730671167456
2025-09-08,88.1863021850586,66.0199966430664,97.4499969482422,24773.150390625,-7.482944941095138e-05,0.007938880046815422,-0.0032729846150291175,0.0012994782193525012
2025-09-09,87.98049926757812,66.38999938964844,97.79000091552734,24868.599609375,-0.0023337288488249897,0.005604404201691171,0.0034890095221422612,0.003852930178235292
2025-09-10,88.21829986572266,67.48999786376953,97.77999877929688,24973.099609375,0.0027028784801652606,0.01656873752423338,-0.00010228178890303585,0.0042020862308871365
2025-09-11,88.05339813232422,66.37000274658203,97.54000091552734,25005.5,-0.0018692463315370667,-0.016594979295276313,-0.0024544678540162623,0.0012974116602184615
2025-09-12,88.2676010131836,66.98999786376953,97.5500030517578,25114.0,0.002432647523011866,0.009341496030289553,0.0001025439423474328,0.004339045410009845
2025-09-15,88.27729797363281,67.44000244140625,97.3000030517578,25069.19921875,0.00010985866091184349,0.006717489057871617,-0.002562788233510971,-0.0017838966811339896
2025-09-16,88.12349700927734,68.47000122070312,96.62999725341795,25239.099609375,-0.0017422482097425585,0.015272816459218852,-0.006885979211978421,0.006777256391098607
2025-09-17,87.88459777832031,67.94999694824219,96.87000274658205,25330.25,-0.0027109594950808225,-0.0075946292272549565,0.0024837576320597687,0.003611475529465391
2025-09-18,87.91069793701172,67.44000244140625,97.3499984741211,25423.599609375,0.0002969821715204102,-0.007505438259613251,0.0049550502108970385,0.0036853015416349333
2025-09-19,88.20690155029297,66.68000030517578,97.63999938964844,25327.05078125,0.0033693693740604047,-0.011269307661884831,0.0029789514131779438,-0.0037976065391384095
2025-09-22,88.09919738769531,66.56999969482422,97.33000183105467,25202.349609375,-0.0012210400853526204,-0.001649679211879418,-0.0031749033237563618,-0.004923635718664832
2025-09-23,88.30439758300781,67.62999725341797,97.26000213623048,25169.5,0.002329194832609849,0.015923051877017924,-0.0007191995634161508,-0.0013034343973540308
2025-09-24,88.80799865722656,69.30999755859375,97.87000274658205,25056.900390625,0.005703012398055929,0.024841052393963725,0.006271854790802278,-0.00447365300760838
2025-09-25,88.77860260009766,69.41999816894531,98.5500030517578,24890.849609375,-0.0003310068639466035,0.0015870814345155804,0.006947995157785991,-0.006626948212322681
2025-09-26,88.77310180664062,70.12999725341797,98.1500015258789,24654.69921875,-6.196080244480484e-05,0.010227587196772303,-0.004058868731529275,-0.009487437927231501
2025-09-29,88.67680358886719,67.97000122070312,97.91000366210938,24634.900390625,-0.0010847679737854277,-0.030799887598877196,-0.0024452150793523586,-0.0008030448049409777
2025-09-30,88.70449829101562,67.0199966430664,97.7699966430664,24611.099609375,0.00031231055955549536,-0.013976821547376339,-0.0014299562231264717,-0.0009661407544825362
2025-10-01,88.8406982421875,65.3499984741211,97.70999908447266,24836.30078125,0.0015354345472429198,-0.024917908871875283,-0.0006136602296590299,0.009150390492475902
2025-10-03,88.72019958496094,64.52999877929688,97.72000122070312,24894.25,-0.0013563452292785216,-0.012547815056934475,0.00010236553396980597,0.0023332467769816567
2025-10-06,88.73509979248047,65.47000122070312,98.11000061035156,25077.650390625,0.00016794605500480841,0.014566906232575727,0.003990988382896354,0.007367178791287232
2025-10-07,88.72109985351562,65.44999694824219,98.58000183105467,25108.30078125,-0.00015777227948787775,-0.0003055486801275542,0.0047905536416184,0.0012222193924698033
2025-10-08,88.74259948730469,66.25,98.8499984741211,25046.150390625,0.00024232830549397733,0.012223118243847253,0.0027388581664782308,-0.0024752925801897474
2025-10-09,88.7771987915039,65.22000122070312,99.54000091552734,25181.80078125,0.0003898838257963,-0.015547151385613245,0.006980297946963532,0.005416017571936882
2025-10-10,88.86540222167969,62.72999954223633,98.9800033569336,25285.349609375,0.0009935369822033913,-0.038178497881971585,-0.005625854464970104,0.0041120501676790155
2025-10-13,88.7573013305664,63.31999969482422,99.2699966430664,25227.349609375,-0.0012164564432355363,0.009405390672618141,0.002929816895308246,-0.0022938183927065925
2025-10-14,88.66510009765625,62.38999938964844,99.0500030517578,25145.5,-0.0010388016707127967,-0.01468730748038527,-0.0022161136168827866,-0.003244479132464395
2025-10-15,88.78250122070312,61.90999984741211,98.79000091552734,25323.55078125,0.0013240962105447451,-0.007693533369643957,-0.002624958386872489,0.007080820872521931
2025-10-16,87.80950164794922,61.060001373291016,98.38999938964844,25585.30078125,-0.010959362029406505,-0.013729582881861768,-0.0040490082211958045,0.010336228211479837
2025-10-17,87.9906997680664,61.290000915527344,98.43000030517578,25709.849609375,0.0020635365958874274,0.003766779185447877,0.00040655468823547203,0.004867983737610659
2025-10-20,88.0022964477539,61.0099983215332,98.58999633789062,25843.150390625,0.00013179437961130525,-0.004568487352122119,0.0016254803639010884,0.005184813729964155
2025-10-21,87.87999725341797,61.31999969482422,98.93000030517578,25868.599609375,-0.0013897273056794335,0.005081156889355398,0.0034486659895989202,0.0009847568259027106
2025-10-23,87.74030303955078,65.98999786376953,98.94000244140624,25891.400390625,-0.0015896019371092196,0.07615783092281214,0.00010110316587086388,0.0008814076368377499
2025-10-24,87.77899932861328,65.94000244140625,98.9499969482422,25795.150390625,0.0004410320881278462,-0.0007576212150588457,0.00010101583373089973,-0.0037174505259611745
2025-10-27,87.8290023803711,65.62000274658203,98.77999877929688,25966.05078125,0.0005696470925877772,-0.004852891764882239,-0.0017180209619839237,0.006625291500029773
2025-10-28,88.22209930419922,64.4000015258789,98.69000244140624,25936.19921875,0.004475707490399383,-0.018591910540062706,-0.0009110785483174011,-0.001149638146805021
2025-10-29,88.22550201416016,64.91999816894531,99.22000122070312,26053.900390625,3.856981400085502e-05,0.008074481843877823,0.005370339104121102,0.0045381040946781415
2025-10-30,88.34559631347656,65.0,99.52999877929688,25877.849609375,0.0013612197899097733,0.0012323141298693496,0.0031243454422480443,-0.0067571756478100875
2025-10-31,88.6344985961914,65.06999969482422,99.8000030517578,25722.099609375,0.0032701378990043217,0.0010769183819110406,0.0027127928842805016,-0.006018660837397216
2025-11-03,88.77539825439453,64.88999938964844,99.87000274658205,25763.349609375,0.0015896706184919118,-0.002766256431842251,0.0007013997262901306,0.0016036793506921665
2025-11-04,88.72339630126953,64.44000244140625,100.22000122070312,25597.650390625,-0.0005857698658358057,-0.0069347657955745046,0.0035045405476676894,-0.006431586779760301
2025-11-06,88.55690002441406,63.380001068115234,99.7300033569336,25509.69921875,-0.001876576909771499,-0.016449430992105385,-0.004889222288976702,-0.0034359080045569534
2025-11-07,88.6729965209961,63.630001068115234,99.5999984741211,25492.30078125,0.001310981939860456,0.003944461908912178,-0.0013035684190966235,-0.0006820322478444663
2025-11-10,88.65799713134766,64.05999755859375,99.62000274658205,25574.349609375,-0.00016915397287697864,0.006757763370429659,0.00020084611212256576,0.0032185728871263475
2025-11-11,88.70709991455078,65.16000366210938,99.45999908447266,25694.94921875,0.000553844941143744,0.017171497743337927,-0.0016061399086327866,0.0047156471705849246
2025-11-12,88.46649932861328,62.709999084472656,99.4800033569336,25875.80078125,-0.002712303594292531,-0.037599822589657106,0.00020112882209000205,0.0070384090258497345
2025-11-13,88.59400177001953,63.0099983215332,99.18000030517578,25879.150390625,0.001441251121881093,0.004783913912300264,-0.0030157121193633563,0.00012944949620363744
2025-11-14,88.81610107421875,64.38999938964844,99.2699966430664,25910.05078125,0.002506933875453088,0.02190130304516491,0.0009074040896723812,0.001194026471448284
2025-11-17,88.68199920654297,64.19999694824219,99.58999633789062,26013.44921875,-0.0015098823980543852,-0.0029508066968050306,0.0032235288168167564,0.0039906690408659795
2025-11-18,88.63590240478516,64.88999938964844,99.5500030517578,25910.05078125,-0.0005197988562531952,0.010747702090430522,-0.00040157935137519196,-0.003974806902018679
2025-11-19,88.55680084228516,63.5099983215332,100.2300033569336,26052.650390625,-0.0008924325285114554,-0.02126677579126901,0.0068307411786039385,0.005503640675154298
2025-11-20,88.48719787597656,63.380001068115234,100.16000366210938,26192.150390625,-0.0007859697464969173,-0.00204687855225294,-0.000698390626357015,0.005354541588221684
2025-11-21,88.69219970703125,62.560001373291016,100.18000030517578,26068.150390625,0.002316740002797024,-0.01293783024621531,0.0001996469881717644,-0.0047342428227803435
2025-11-24,89.63400268554688,63.369998931884766,100.13999938964844,25959.5,0.010618780249295856,0.0129475310232261,-0.0003992904312786205,-0.004167936312968079
2025-11-25,89.14779663085938,62.47999954223633,99.66000366210938,25884.80078125,-0.005424348351297015,-0.014044491157481076,-0.004793246759183467,-0.002877529180069005
2025-11-26,89.15059661865234,63.130001068115234,99.5999984741211,26205.30078125,3.14083791050912e-05,0.010403353563399165,-0.000602098994414324,0.012381783530362567
2025-11-28,89.36479949951172,63.20000076293945,99.45999908447266,26202.94921875,0.0024027083270754535,0.0011088182106744338,-0.0014056163834662572,-8.973613848706208e-05
2025-12-01,89.3499984741211,63.16999816894531,99.41000366210938,26175.75,-0.0001656247814969536,-0.0004747245827840807,-0.0005026686388848178,-0.0010380212747401751
2025-12-02,89.61270141601562,62.45000076293945,99.36000061035156,26032.19921875,0.002940156087082757,-0.011397774685385609,-0.0005029981884697721,-0.005484113396941881
2025-12-03,89.91719818115234,62.66999816894531,98.8499984741211,25986.0,0.003397919718133746,0.003522776674430572,-0.005132871709919606,-0.0017746951904364927
2025-12-04,90.17050170898438,63.2599983215332,98.98999786376952,26033.75,0.0028170754088856498,0.009414395561291977,0.0014162811513354079,0.0018375278996383138
2025-12-05,89.8364028930664,63.75,98.98999786376952,26186.44921875,-0.003705189719318991,0.007745837677330503,0.0,0.005865433091659877
2025-12-08,89.93800354003906,62.4900016784668,99.08999633789062,25960.55078125,0.0011309518602786728,-0.01976467955346206,0.0010101876581383173,-0.00862653945989178
2025-12-09,90.12999725341795,61.93999862670898,99.22000122070312,25839.650390625,0.0021347339925488207,-0.008801456824849896,0.0013119879666680934,-0.004657081109092687
2025-12-10,89.91690063476562,62.209999084472656,98.79000091552734,25758.0,-0.002364325143083823,0.0043590646391660215,-0.004333806691045106,-0.0031598875909956137
2025-12-11,89.79299926757812,61.27999877929688,98.3499984741211,25898.55078125,-0.0013779541589269417,-0.014949370179429877,-0.004453916766156141,0.0054565875164998
2025-12-12,90.25299835205078,61.119998931884766,98.4000015258789,26046.94921875,0.0051228836125840616,-0.002610963619440687,0.0005084194461981717,0.005729990019651465
2025-12-15,90.5770034790039,60.560001373291016,98.1500015258789,26027.30078125,0.00358996524070343,-0.009162263880564514,-0.0025406503671064895,-0.0007543469807149705
2025-12-16,90.7769012451172,58.91999816894531,98.1500015258789,25860.099609375,0.0022069372846897917,-0.027080633539565913,0.0,-0.006424068837574293
2025-12-17,90.94889831542967,59.68000030517578,98.37000274658205,25818.55078125,0.0018947228640031621,0.012898882550051338,0.002241479544400571,-0.001606677033445636
2025-12-18,90.4136962890625,59.81999969482422,98.43000030517578,25815.55078125,-0.00588464551281298,0.002345834264955604,0.0006099172198692493,-0.00011619552256891819
2025-12-19,90.25579833984376,60.470001220703125,98.5999984741211,25966.400390625,-0.001746394138272156,0.010865956689985579,0.0017270971087903764,0.005843362036054733
2025-12-22,89.56999969482422,62.06999969482422,98.29000091552734,26172.400390625,-0.007598388775392317,0.026459375588259393,-0.0031439915151226794,0.00793332910611566
2025-12-23,89.60389709472656,62.380001068115234,97.94000244140624,26177.150390625,0.0003784459084272829,0.0049943833545220695,-0.003560875682785958,0.00018148889399149937
2025-12-24,89.50789642333984,62.2400016784668,97.9800033569336,26142.099609375,-0.001071389465183925,-0.0022442992505813386,0.00040842265193208327,-0.0013389838361685946
2025-12-26,90.10590362548828,60.63999938964844,98.0199966430664,26042.30078125,0.006681055259304403,-0.025706976954853022,0.0004081780441169691,-0.0038175521330050532
2025-12-29,89.82929992675781,61.93999862670898,98.04000091552734,25942.099609375,-0.003069762219800043,0.021437982357276564,0.00020408358647250324,-0.003847631310177624
2025-12-30,89.9000015258789,61.91999816894531,98.23999786376952,25938.849609375,0.0007870661262945333,-0.00032290051997252434,0.002039952533400058,-0.00012527898855285713
2025-12-31,89.76940155029297,60.84999847412109,98.27999877929688,26129.599609375,-0.0014527249540517984,-0.017280357339559238,0.0004071754519257009,0.0073538342244390265
2026-01-02,89.96189880371094,60.75,98.41999816894533,26328.55078125,0.0021443526423658987,-0.0016433603390083595,0.001424495231861389,0.007614015325501544
2026-01-05,90.00700378417969,61.7599983215332,98.2699966430664,26250.30078125,0.0005013787066363573,0.016625486774209053,-0.001524096003552411,-0.0029720587604740167
2026-01-06,90.23300170898438,60.70000076293945,98.58000183105467,26178.69921875,0.002510892656160335,-0.017163173371139373,0.0031546270334603665,-0.0027276473171363724
2026-01-07,90.16609954833984,59.959999084472656,98.68000030517578,26140.75,-0.0007414378262655674,-0.012191131287738077,0.0010143890471059347,-0.001449622016468255
2026-01-08,89.8644027709961,61.9900016784668,98.93000030517578,25876.849609375,-0.003346011182196129,0.033855947714979795,0.0025334414189992494,-0.010095364158449915
2026-01-09,89.90540313720703,63.34000015258789,99.12999725341795,25683.30078125,0.00045624702269941864,0.02177768087704446,0.002021600602701179,-0.007479613285493514
2026-01-12,90.23600006103516,63.869998931884766,98.86000061035156,25790.25,0.003677164133546018,0.008367520966531261,-0.0027236623680737537,0.004164153963733375
2026-01-13,90.13269805908205,65.47000122070312,99.12999725341795,25732.30078125,-0.0011447981058916312,0.02505092086387406,0.0027311009649955142,-0.002246942885392733
2026-01-14,90.27300262451172,66.5199966430664,99.12999725341795,25665.599609375,0.001556644463674095,0.016037809726376695,0.0,-0.00259211846006413
2026-01-16,90.36160278320312,64.12999725341797,99.38999938964844,25694.349609375,0.0009814690562575112,-0.03592903653427282,0.0026228401435925974,0.0011201764399650926
2026-01-20,90.90450286865234,64.91999816894531,98.63999938964844,25232.5,0.006008083840121303,0.012318742388301551,-0.007546030834145623,-0.017974753842630364
2026-01-21,91.11840057373048,65.23999786376953,98.76000213623048,25157.5,0.002352993507782619,0.004929138999533844,0.0012165728641988505,-0.0029723570791637677
2026-01-22,91.53690338134766,64.05999755859375,98.36000061035156,25289.900390625,0.004592956032832607,-0.018087068421427488,-0.004050238125017036,0.00526285960946038
2026-01-23,91.55829620361328,65.87999725341797,97.5999984741211,25048.650390625,0.00023370707851566586,0.028410861133104426,-0.007726739848662456,-0.009539381186706164
2026-01-27,91.71309661865234,67.56999969482422,96.22000122070312,25175.400390625,0.0016907306214479778,0.025652740010073005,-0.01413931634213994,0.005060152863462841
2026-01-28,91.5343017578125,68.4000015258789,96.4499969482422,25342.75,-0.001949501951540089,0.012283584946031434,0.0023903110020913054,0.006647346488174222
2026-01-29,92.04080200195312,70.70999908447266,96.27999877929688,25418.900390625,0.005533447400743352,0.03377189337809838,-0.001762552351728508,0.0030048195489833507
2026-01-30,91.78189849853516,70.69000244140625,96.98999786376952,25320.650390625,-0.002812920984896161,-0.00028279795397134766,0.007374315470237702,-0.003865234077404689
2026-02-02,91.68699645996094,66.30000305175781,97.61000061035156,25088.400390625,-0.0010339951572884143,-0.06210212530813297,0.006392440047817027,-0.00917235522852089
2026-02-03,90.24559783935548,67.33000183105469,97.44000244140624,25727.55078125,-0.01572086202251055,0.015535425820309534,-0.0017416060637468478,0.025475932330218942
2026-02-04,90.4228973388672,69.45999908447266,97.62000274658205,25776.0,0.001964633220418399,0.03163518781363739,0.001847293726044974,0.0018831648283172964
2026-02-05,90.125,67.55000305175781,97.81999969482422,25642.80078125,-0.0032944900864081417,-0.027497783730057845,0.002048729180651243,-0.00516756745616076
2026-02-06,90.3147964477539,68.05000305175781,97.62999725341795,25693.69921875,0.002105924524315128,0.007401924165967744,-0.0019423680433350299,0.0019849016468285186
2026-02-09,90.58799743652344,69.04000091552734,96.81999969482422,25867.30078125,0.0030249859327045048,0.014548094333170836,-0.008296605360862852,0.006756581098813275
2026-02-10,90.8227996826172,68.80000305175781,96.8000030517578,25935.150390625,0.0025919796522524408,-0.003476214666670918,-0.00020653421947380846,0.0026229876069705504
2026-02-11,90.58789825439452,69.4000015258789,96.83000183105467,25953.849609375,-0.002586370702549967,0.008720907667252753,0.0003099047350323403,0.0007209990483325601
2026-02-12,90.73570251464844,67.5199966430664,96.93000030517578,25807.19921875,0.0016316115408576692,-0.02708940693771389,0.001032722010019027,-0.00565042923620962
2026-02-13,90.56410217285156,67.75,96.87999725341795,25471.099609375,-0.001891210813837807,0.0034064479912443435,-0.000515867652949531,-0.01302348257655217
2026-02-17,90.78299713134766,67.41999816894531,97.16000366210938,25725.400390625,0.002417016822827911,-0.004870875735124569,0.0028902396431638167,0.009983894890678524
2026-02-18,90.6261978149414,70.3499984741211,97.6999969482422,25819.349609375,-0.0017271881449274495,0.04345891997554796,0.005557773423010115,0.003652002197183979
2026-02-19,90.7935028076172,71.66000366210938,97.93000030517578,25454.349609375,0.0018460996567177812,0.018621253964492768,0.0023541797760282535,-0.014136684522350174
2026-02-20,91.04109954833984,71.76000213623047,97.8000030517578,25571.25,0.002727031484260234,0.0013954572845489288,-0.0013274507608789232,0.004592550680687868
2026-02-23,90.72660064697266,71.48999786376953,97.6999969482422,25713.0,-0.0034544716938551545,-0.0037626012322067304,-0.0010225572637525548,0.00554333479982394
2026-02-24,91.02010345458984,70.7699966430664,97.87999725341795,25424.650390625,0.003235024849649548,-0.010071356024868638,0.0018423777973208821,-0.011214156627970318
2026-02-25,90.91799926757812,70.8499984741211,97.6999969482422,25482.5,-0.001121776213566461,0.00113044842234733,-0.0018389896835583341,0.002275335490801167
2026-02-26,90.95099639892578,70.75,97.79000091552734,25496.55078125,0.0003629328803260723,-0.0014114110977380134,0.0009212279436694448,0.0005513894339252978
2026-02-27,91.00740051269533,72.4800033569336,97.61000061035156,25178.650390625,0.0006201593825552187,0.024452344267612558,-0.0018406821095263703,-0.012468368500212268
2026-03-02,91.07959747314452,77.73999786376953,98.37999725341795,24865.69921875,0.0007933086764644326,0.0725716647794934,0.007888501570040285,-0.012429227421638323
2026-03-04,92.00859832763672,81.4000015258789,98.7699966430664,24480.5,0.010199878790265071,0.04708005869157739,0.003964214276646505,-0.015491187895474101
2026-03-05,92.1230010986328,85.41000366210938,99.31999969482422,24765.900390625,0.0012433921728565167,0.049262924583061585,0.005568523544102311,0.011658274570576665
2026-03-06,91.78690338134766,92.69000244140624,98.98999786376952,24450.44921875,-0.0036483583174335976,0.08523590290544036,-0.0033226120828502292,-0.012737318930444053
2026-03-09,91.93620300292967,98.95999908447266,99.18000030517578,24028.05078125,0.0016265895904747918,0.06764479963230108,0.0019194105011270945,-0.017275692308183932
2026-03-10,91.220703125,87.80000305175781,98.83000183105467,24261.599609375,-0.007782569374840009,-0.11277279846363608,-0.0035289218899391406,0.009719840791548862
2026-03-11,92.16510009765624,91.9800033569336,99.2300033569336,23866.849609375,0.010352879777325574,0.04760820227661822,0.004047369406738444,-0.01627056774308744
2026-03-12,92.22879791259766,100.45999908447266,99.73999786376952,23639.150390625,0.0006911272800000923,0.09219390539302297,0.005139519193619879,-0.009540396930332928
2026-03-13,92.38990020751952,103.13999938964844,100.36000061035156,23151.099609375,0.0017467678053717517,0.02667728777224343,0.006216189691811369,-0.02064586811222946
2026-03-16,92.5635986328125,100.20999908447266,99.70999908447266,23408.80078125,0.0018800585876035392,-0.028407992267933335,-0.0064766991024894915,0.011131271353117311
2026-03-17,92.28269958496094,103.41999816894533,99.58000183105467,23581.150390625,-0.0030346599743367175,0.03203272242091115,-0.0013037534310661458,0.007362598835607637
2026-03-18,92.39129638671876,107.37999725341795,100.08999633789062,23777.80078125,0.001176783971927886,0.038290457886139606,0.005121455085943749,0.008339304375208911
2026-03-19,93.24659729003906,108.6500015258789,99.2300033569336,23002.150390625,0.009257375280679048,0.011827195985707917,-0.008592197146793823,-0.03262077926216955
2026-03-20,93.0822982788086,112.19000244140624,99.6500015258789,23114.5,-0.001761983986605209,0.03258169227622276,0.004232572354498032,0.004884308965338757
2026-03-23,93.89530181884766,99.94000244140624,98.9499969482422,22512.650390625,0.008734244373767908,-0.10918976498282762,-0.0070246318807623,-0.026037751600726855
2026-03-24,93.2436981201172,104.48999786376952,99.43000030517578,22912.400390625,-0.006939683733991231,0.04552726947381158,0.0048509688907283355,0.017756683156527453
2026-03-25,94.29969787597656,102.22000122070312,99.5999984741211,23306.44921875,0.01132515952444324,-0.021724535261508304,0.0017097271288699645,0.01719805962740728
2026-03-27,94.30950164794922,112.56999969482422,100.1500015258789,22819.599609375,0.00010396398072831659,0.10125218499826105,0.005522119078151588,-0.02088905112938999
2026-03-30,94.78179931640624,112.77999877929688,100.51000213623048,22331.400390625,0.005007954237952195,0.0018654977795324879,0.003594614127475193,-0.02139385559374285
2026-04-01,93.48429870605467,101.16000366210938,99.6500015258789,22679.400390625,-0.013689343520691843,-0.1030324103826874,-0.008556368441679396,0.015583438293735208
2026-04-02,92.6426010131836,109.02999877929688,100.02999877929688,22713.099609375,-0.009003626325717606,0.07779749735354446,0.0038133190928180127,0.0014858954897207788
2026-04-06,92.97100067138672,109.7699966430664,99.9800033569336,22968.25,0.003544801793252672,0.006787103293172336,-0.0004998042884474252,0.01123362266767347
2026-04-07,92.81659698486328,109.2699966430664,99.63999938964844,23123.650390625,-0.0016607725571244902,-0.004554978730898829,-0.0034007197026322267,0.0067658785769486585
2026-04-08,92.86019897460938,94.75,99.12999725341795,23997.349609375,0.0004697650114580121,-0.13288182565335294,-0.005118447805645632,0.03778379295615997
2026-04-09,92.2748031616211,95.91999816894533,98.81999969482422,23775.099609375,-0.006304055122134167,0.012348265635306888,-0.003127182156590358,-0.009261439434677166
2026-04-10,92.46980285644533,95.1999969482422,98.6500015258789,24050.599609375,0.0021132496428379888,-0.007506268082230094,-0.0017202810106283772,0.011587753764504383
2026-04-13,94.50879669189452,99.36000061035156,98.37000274658205,23842.650390625,0.02205037506800589,0.0436975188599118,-0.0028383048653416454,-0.008646321593950623
2026-04-15,93.16539764404295,94.93000030517578,98.05999755859376,24231.30078125,-0.0142145397558191,-0.04458534901331568,-0.0031514199383211317,0.016300637062472756
2026-04-16,93.38680267333984,99.38999938964844,98.22000122070312,24196.75,0.0023764727559347776,0.046981976931790737,0.001631691475555641,-0.0014258739785333319
2026-04-17,93.0478973388672,90.37999725341795,98.0999984741211,24353.55078125,-0.003629049552730801,-0.09065300524761732,-0.0012217750467380384,0.006480241406387144
2026-04-20,92.60330200195312,95.4800033569336,98.0500030517578,24364.849609375,-0.004778134161322556,0.05642848261231581,-0.0005096373408862709,0.00046394992773279853
2026-04-21,93.12359619140624,98.4800033569336,98.41000366210938,24576.599609375,0.005618527398106643,0.03142019160582854,0.003671602235050919,0.008690798564113589
2026-04-22,93.622802734375,101.91000366210938,98.58999633789062,24378.099609375,0.005360687982267187,0.03482940889780428,0.0018290079167078144,-0.00807678861823835
2026-04-23,93.80049896240234,105.06999969482422,98.8000030517578,24173.05078125,0.0018980015854843657,0.031007711894428525,0.0021301016499426506,-0.008411190019346093
2026-04-24,94.11289978027344,105.33000183105467,98.51000213623048,23897.94921875,0.003330481408167163,0.002474561121020624,-0.002935231847871478,-0.011380506539678703
2026-04-27,94.25029754638672,108.2300033569336,98.4800033569336,24092.69921875,0.00145992490332425,0.027532530859824877,-0.000304525212124207,0.008149234824183171
2026-04-28,94.2584991455078,111.26000213623048,98.62000274658205,23995.69921875,8.701934460253469e-05,0.02799592243662974,0.001421602202236194,-0.004026115924964935
2026-04-29,94.64550018310548,118.02999877929688,98.91999816894533,24177.650390625,0.004105741562893561,0.06084843171921728,0.00304193281290166,0.007582657634449097
2026-04-30,94.9166030883789,114.01000213623048,98.08000183105467,23997.55078125,0.002864403534758031,-0.034059109418304256,-0.008491673609374972,-0.007449012061355398
2026-05-04,94.90299987792967,114.44000244140624,98.47000122070312,24119.30078125,-0.00014331750196083792,0.0037716015886215537,0.003976339542899332,0.005073434414612388
2026-05-05,95.2593994140625,109.87000274658205,98.4800033569336,24032.80078125,0.0037554085391531267,-0.03993358613535547,0.00010157546568989595,-0.0035863394542201554
2026-05-06,95.18299865722656,101.2699966430664,98.0199966430664,24330.94921875,-0.0008020285379277681,-0.0782743777967474,-0.004671067203358303,0.01240589643353629
2026-05-07,94.60800170898438,100.05999755859376,98.25,24326.650390625,-0.0060409627386595055,-0.011948248489998203,0.002346494233938179,-0.00017668148029703623
2026-05-08,94.25299835205078,101.29000091552734,97.83999633789062,24176.150390625,-0.0037523607995186836,0.012292658274484891,-0.004173065263199716,-0.006186630612244115
2026-05-11,94.42530059814452,104.20999908447266,97.94000244140624,23815.849609375,0.0018280823857736994,0.028828098949080783,0.0010221392810587648,-0.014903149402549887
2026-05-12,95.3914031982422,107.7699966430664,98.29000091552734,23379.55078125,0.010231395547356747,0.03416176556827355,0.0035736008310853773,-0.018319683541890175
2026-05-13,95.63300323486328,105.62999725341795,98.4800033569336,23412.599609375,0.002532723374652379,-0.01985709804497926,0.0019330800654844271,0.0014135784059419176
2026-05-14,95.69580078125,105.72000122070312,98.87999725341795,23689.599609375,0.000656651409686404,0.0008520682535779756,0.004061676308383166,0.011831236369372666
2026-05-15,95.70989990234376,109.26000213623048,99.2699966430664,23643.5,0.0001473327040335537,0.033484684777265405,0.003944168694189232,-0.0019459851637491088
2026-05-18,95.97029876708984,112.0999984741211,98.97000122070312,23649.94921875,0.0027207098221999626,0.025993010089360613,-0.0030220150348341246,0.0002727692071817778
2026-05-19,96.27020263671876,111.27999877929688,99.3000030517578,23618.0,0.003124965468292995,-0.007314894790239612,0.003334362200509311,-0.0013509212410769411
2026-05-20,96.56580352783205,105.0199966430664,99.11000061035156,23659.0,0.0030705335920893084,-0.056254512984368565,-0.0019134182836550995,0.0017359640951817301
2026-05-21,96.5282974243164,102.58000183105467,99.19000244140624,23654.69921875,-0.00038839943484580974,-0.02323362111983862,0.0008072024070426842,-0.00018178203854768427
2026-05-22,96.17389678955078,103.54000091552734,99.31999969482422,23719.30078125,-0.003671468825434232,0.00935854033278094,0.0013105882671469171,0.002731024474358801
2026-05-26,95.25279998779295,99.58000183105467,99.16999816894533,23913.69921875,-0.009577409593513608,-0.038246079287785784,-0.001510285202776851,0.00819579123739067
2026-05-27,95.90499877929688,94.29000091552734,99.20999908447266,23907.150390625,0.0068470301302165915,-0.05312312530885699,0.0004033570259744934,-0.00027385257567613674
2026-05-29,96.04820251464844,92.0500030517578,98.91000366210938,23547.75,0.0014931832247984111,-0.023756473030224212,-0.003023842607919436,-0.015033175629577955
2026-06-01,95.00299835205078,94.9800033569336,99.1999969482422,23382.599609375,-0.010882079364663233,0.03183052914760154,0.00293189035887087,-0.007013425513053284
2026-06-02,95.55139923095705,96.0,99.22000122070312,23483.55078125,0.005772458642558487,0.01073906724590512,0.000201655978592008,0.00431736306319519
2026-06-03,95.26300048828124,97.80999755859376,99.52999877929688,23405.599609375,-0.0030182576602433286,0.018854141235351785,0.0031243454422480443,-0.0033193946094914883
2026-06-04,96.16449737548828,95.02999877929688,99.41000366210938,23416.55078125,0.009463242629208946,-0.028422439921149234,-0.0012056175892615206,0.00046788683297016576
2026-06-05,95.79029846191406,93.08999633789062,100.06999969482422,23366.69921875,-0.0038912376582503905,-0.020414631867057276,0.006639130956660466,-0.0021289028843615165
2026-06-08,94.95030212402344,94.25,100.0500030517578,23123.0,-0.008769117033543883,0.012461099019693611,-0.00019982655268713234,-0.010429338627102713
2026-06-09,95.68830108642578,91.4499969482422,99.91000366210938,23242.099609375,0.007772476189052746,-0.029708255191064126,-0.0013992942066778369,0.005150698844224255
2026-06-10,95.36029815673828,93.0999984741211,99.9499969482422,23214.94921875,-0.003427826870823547,0.018042663542271464,0.00040029311046851923,-0.0011681556778996294
2026-06-11,95.64450073242188,90.37999725341795,99.86000061035156,23161.599609375,0.002980302926658851,-0.029215910475650753,-0.0009004136131913754,-0.0022980713363744965
2026-06-12,95.76010131835938,87.33000183105469,99.75,23622.900390625,0.0012086485375768508,-0.033746354448444316,-0.001101548264362373,0.019916620139797336
2026-06-15,95.11029815673828,83.16999816894531,99.62999725341795,23853.900390625,-0.006785740122191242,-0.04763544686689869,-0.0012030350534540935,0.009778646829145199
2026-06-16,94.74169921875,78.95999908447266,99.54000091552734,23989.150390625,-0.0038754892491330573,-0.050619203765290166,-0.0009033056345639778,0.005669932287180934
2026-06-17,94.88860321044922,79.55000305175781,100.08999633789062,24085.69921875,0.0015505737485246307,0.007472188122165102,0.00552537087909033,0.004024687267071059
2026-06-18,94.85890197753906,79.8499984741211,100.8499984741211,24168.0,-0.0003130115936503808,0.003771155384721947,0.007593187771381293,0.0034169978003351087
2026-06-22,94.3302993774414,77.9000015258789,101.0199966430664,24102.900390625,-0.005572514430146169,-0.024420751227367532,0.0016856536590721394,-0.002693628325678543
2026-06-23,94.70059967041016,77.08000183105469,101.41000366210938,23824.099609375,0.003925571056305754,-0.01052631166575535,0.0038606912690859474,-0.011567105067506356
2026-06-24,95.18370056152344,73.73999786376953,101.61000061035156,24021.650390625,0.005101349862562943,-0.04333165396915584,0.0019721619270280932,0.008292056551520766
2026-06-25,94.4406967163086,75.26000213623047,101.43000030517578,24056.0,-0.007805998724903396,0.020613023006442965,-0.0017714821778817003,0.0014299437722400388
2026-06-29,94.36029815673828,73.1500015258789,101.11000061035156,23946.25,-0.0008513126476801247,-0.028036148690670837,-0.0031548821242376457,-0.004562271366810755
2026-06-30,94.79049682617188,72.91999816894531,101.19000244140624,23865.75,0.004559106720063655,-0.0031442700223625053,0.0007912355906609658,-0.0033616954637991636
2026-07-01,94.91799926757812,71.56999969482422,101.38999938964844,24005.849609375,0.0013450973006299272,-0.018513418925125813,0.00197644968294175,0.0058703208311072785
2026-07-02,95.4175033569336,71.80000305175781,100.86000061035156,24175.69921875,0.005262480174569983,0.003213683916645671,-0.005227327966144446,0.007075342557701703
2026-07-06,95.2147979736328,71.98999786376953,100.8499984741211,24430.349609375,-0.0021244046026075436,0.0026461671857418434,-9.916851249203162e-05,0.010533320601023188
2026-07-07,95.60350036621094,74.16000366210938,101.13999938964844,24398.69921875,0.004082373757551716,0.030143156865294785,0.002875566880665481,-0.0012955357222089736
2026-07-08,95.59339904785156,78.0199966430664,101.0500030517578,23882.05078125,-0.00010565845728116585,0.05204952522041495,-0.0008898194426907313,-0.02117524515827318
2026-07-09,95.86180114746094,76.30000305175781,100.94000244140624,23962.80078125,0.0028077472114473867,-0.02204554813270998,-0.0010885760220632479,0.0033812004144717633
2026-07-10,95.39019775390624,76.01000213623047,100.97000122070312,24206.900390625,-0.004919617490070416,-0.0038007982166216037,0.0002971941606035866,0.01018660596494203
2026-07-13,95.3249969482422,83.30000305175781,101.27999877929688,24211.0,-0.0006835168308618744,0.0959084424502672,0.0030701946602551544,0.0001693570555851842
2026-07-14,96.29889678955078,84.7300033569336,100.94000244140624,24052.05078125,0.010216625989900363,0.01716686978135229,-0.003356993897991045,-0.006565165369047166
2026-07-15,96.42530059814452,84.94999694824219,100.5,24078.5,0.001312619487946698,0.002596407206333362,-0.004359049244739732,0.0010996658451518648
2026-07-16,96.49859619140624,84.2300033569336,100.7300033569336,24072.75,0.0007601282319791292,-0.008475498730709408,0.0022885906162546377,-0.00023880225097083763
2026-07-17,96.6521987915039,88.0999984741211,100.75,24334.30078125,0.001591759944289839,0.04594556527307714,0.00019851724808894744,0.010865014643113069
2026-07-20,96.28479766845705,89.22000122070312,100.98999786376952,24238.5,-0.003801270200168072,0.012712857729628935,0.0023821127917569296,-0.003936861885253551
2026-07-21,96.4896011352539,91.01000213623048,101.18000030517578,24187.69921875,0.0021270592217690343,0.020062776182881326,0.0018813986080341571,-0.002095871495760848
2026-07-22,96.34089660644533,94.06999969482422,101.13999938964844,23996.25,-0.0015411456473960472,0.03362265121160313,-0.00039534409376051904,-0.0079151479856997
